Date,Open,High,Low,Close,Volume,sentiment
2023-01-03,121.863674236056,125.38603554945252,121.3278779828358,123.76872253417967,35528500,-0.4346355
2023-01-04,126.3881744377628,128.04517701826012,124.8700887353222,126.37825775146484,32397100,0.0
2023-01-05,125.14790852344242,127.51930617905816,123.5702924084817,125.95160675048828,25447100,0.0
2023-01-06,127.96580198249362,129.3152132188516,125.0586155413681,129.00762939453125,27584500,0.247589
2023-01-09,130.1387577046288,131.91481363671815,128.27339102960076,128.4619140625,26649100,0.0
2023-01-10,126.2789982471746,132.40096078307965,126.15993748193009,131.9544677734375,28684400,0.0
2023-01-11,129.94030532233305,132.80780214441828,129.32512256861318,131.8552703857422,25423000,0.0
2023-01-12,132.40099536982513,136.6079716671771,130.7340685210791,135.64553833007812,30757700,0.0
2023-01-13,133.91907764338632,136.3202328612328,133.79008502400478,135.91342163085938,22423800,0.0
2023-01-17,135.11963753309317,135.68520653868867,133.20467259831045,134.3060302734375,21147600,0.0
2023-01-18,134.75253769902895,136.181327823177,131.76597996728842,131.98426818847656,20215500,0.0
2023-01-19,131.45838403334974,136.37975496300405,131.1111032207427,135.08987426757812,28625200,0.0
2023-01-20,134.8319210690861,138.85038964114324,133.56188872561822,138.28482055664062,28688600,0.0
2023-01-23,138.20542835766489,142.6406244467156,137.5803440727501,142.15444946289062,27470100,0.0
2023-01-24,140.58677520128853,143.8710004442041,140.25934283175573,142.02548217773438,21970200,0.0
2023-01-25,140.12040528118638,142.05521876598272,139.21748727495543,140.39822387695312,26622000,0.0
2023-01-26,143.27566241206785,146.36144784409134,142.18423634844635,146.15309143066406,25482100,0.0
2023-01-27,147.08575448002523,151.99720893784095,146.24236683556117,150.55850219726562,35771900,0.0
2023-01-30,148.24665581205556,149.9433327979943,145.80580339476526,145.91494750976562,28040100,0.0
2023-01-31,146.79798134611173,148.7129612354051,146.37133681687672,147.81004333496094,29842100,0.0
2023-02-01,146.87738577590028,152.38417457555312,145.91493732172768,151.92774963378906,55661000,-0.927942
2023-02-02,181.9521548693141,195.6248585732531,178.75722551393994,187.30018615722656,150475700,0.082312
2023-02-03,182.04143493203435,195.23787916833177,181.46594921292,185.07760620117188,76809700,-0.2011345
2023-02-06,185.0776087109676,189.215137765212,184.075478386839,184.6112670898437,42483800,-0.09471650000000004
2023-02-07,184.13501165753016,192.2711605893038,182.9641916734573,190.1279754638672,47080700,0.0
2023-02-08,188.5205745350657,189.3441135985161,181.49570078296176,182.0017242431641,36139100,0.0
2023-02-09,184.6807175636952,185.1966577219229,175.88970468339843,176.53463745117188,37118800,0.0
2023-02-10,174.97688855603946,177.49710464211017,172.00024751549427,172.79400634765625,33433600,0.9391783333333333
2023-02-13,176.83231268780145,179.59066534207818,174.45100605417406,178.0328826904297,31463200,0.0
2023-02-14,175.78057644351702,180.096696800279,174.51054416410403,178.08250427246094,24034600,0.0
2023-02-15,175.04635023711833,176.80257283667697,173.96484086913352,175.7805938720703,25308900,0.0
2023-02-16,171.40490435914325,174.4807726641265,170.45237261399396,171.09732055664062,25827500,0.0
2023-02-17,168.8946280434358,171.83157230516784,168.37867264719293,171.53392028808594,24171300,0.0
2023-02-21,172.95274431832965,176.78268928982402,170.54167261942416,170.7401123046875,34592600,0.0
2023-02-22,169.73798383060884,171.41481205762443,168.36872424999137,169.78758239746094,22433200,0.0
2023-02-23,170.6607575664448,172.33760115330253,168.06116249947036,170.700439453125,20017800,0.0
2023-02-24,167.3269194643697,169.39072579815928,166.35455426767354,169.06329345703125,19791300,0.0
2023-02-27,170.54167037129525,171.7720054876957,167.74362088404132,168.21987915039062,19277000,0.0
2023-02-28,170.5615125066298,176.16752845436773,170.53174730970196,173.57785034179688,46051100,0.0
2023-03-01,173.2305903883769,176.46521681724823,171.70258791545956,172.0697021484375,30998400,0.855147
2023-03-02,171.03779768581322,173.64730934892816,170.0951825850901,173.17105102539062,17352000,-0.06964825000000002
2023-03-03,177.52684270021945,185.16688384157925,175.6714082467401,183.8075561523437,45877700,0.5022292
2023-03-06,186.5361649817629,188.183243263601,183.20232653393649,183.46029663085932,33209400,0.0
2023-03-07,187.52834718555096,188.87775812010423,182.57719648407013,183.07330322265625,36701500,0.0
2023-03-08,181.44609997913568,183.81748992709475,179.92801435060838,183.52975463867188,19432400,0.0
2023-03-09,184.89903392862337,187.4589320189714,178.89613785727124,180.2753143310547,26582800,0.0
2023-03-10,179.60059470599492,183.3313278726715,177.40781092790243,178.11227416992188,25665000,0.6363516666666666
2023-03-13,176.5743594721353,182.3490354235612,173.45880901106162,179.491455078125,24728000,0.0
2023-03-14,186.1194196549206,192.806944436952,185.1073575940248,192.50927734375,41642600,0.0
2023-03-15,191.4476222684607,196.2400160530316,189.35405084464165,196.2102508544922,42123600,0.0
2023-03-16,196.71625735908384,204.1578591500204,194.56315572437012,203.33432006835932,50447100,0.0
2023-03-17,198.99836863693588,200.3279313037972,193.90830773144071,194.0869140625,50141100,0.0
2023-03-20,196.93457201525692,197.807724920832,192.1322613145537,196.2697906494141,25186300,0.0
2023-03-21,201.61778713769408,201.9650679306829,196.40866608272424,200.5858917236328,31827000,0.0
2023-03-22,200.92325316226007,205.75532852932008,198.1152868691705,198.2541961669922,28477800,0.0
2023-03-23,201.2606020898405,206.2613670898517,200.57597228650752,202.6893920898437,27389700,0.0
2023-03-24,203.5824056124989,205.9637276456596,201.9651075297056,204.40594482421875,27716400,0.0
2023-03-27,203.21528228672267,204.25710968337523,199.792148103418,201.2606201171875,18527200,0.0
2023-03-28,198.59155960774748,199.4647124804403,196.35907885459528,199.117431640625,19127300,0.0
2023-03-29,201.97501242473533,204.1181975874608,200.96295024122955,203.75108337402344,18851100,0.0
2023-03-30,201.7964003919045,206.46971782081823,201.24076321598065,206.2216644287109,22608300,0.0
2023-03-31,205.62634833468755,210.5179540303412,205.16000673960767,210.2897491455078,25440300,0.981701
2023-04-03,207.2138904189796,211.8276928727448,206.5788743027168,211.4109649658203,17924600,0.0
2023-04-04,211.72846502268536,214.5562799124581,210.885077384689,213.0481109619141,21026400,0.0
2023-04-05,212.4825367467961,213.51444737094567,208.30532596205177,209.8333282470703,19396600,-0.04173466666666667
2023-04-06,207.6206893922116,215.25081416311983,207.0253551945941,214.4173583984375,26104400,0.0
2023-04-10,213.0381989750547,213.98079891244384,209.019730673576,213.077880859375,16106100,0.084484
2023-04-11,213.80217329304816,214.3379770928918,211.74829910025372,212.18487548828125,16710100,0.0
2023-04-12,213.16719614188665,215.1516236207126,210.9247985412062,212.333740234375,18972200,-0.775351
2023-04-13,214.05024012163284,219.42803612820572,214.0105582384014,218.63427734375,23310400,0.0
2023-04-14,216.183504409984,220.3805637065013,215.85607210458505,219.7653961181641,21591200,0.0
2023-04-17,218.0786199086563,219.25935651194632,215.4393432459834,217.15586853027344,15481900,0.0
2023-04-18,218.19771151892732,218.7235835521437,214.52652397270768,216.1934356689453,12281000,0.0
2023-04-19,211.80783003474696,215.6377749850264,211.27202623352863,214.0204620361328,15898100,0.0
2023-04-20,211.8177610468795,215.0623038493368,211.11329784945184,211.4109649658203,16475400,0.0
2023-04-21,208.57320542313988,211.7482855788036,207.94810607656456,211.2323303222656,17717200,0.0
2023-04-24,212.0161871423672,212.2543238481798,209.06932678531544,211.13311767578125,15750900,0.0
2023-04-25,209.17847205585224,209.61503330899023,205.51720156083385,205.93392944335932,19198200,0.0
2023-04-26,210.845399606128,212.44286418050763,207.25359105527792,207.76953125,41992700,0.0
2023-04-27,238.02213009217323,239.8081176766573,234.9264283723866,236.70248413085932,71196500,0.0
2023-04-28,237.1489637299281,238.5579052051941,233.91435289009024,238.4487762451172,39554000,0.0
2023-05-01,236.76202234544343,242.10013676312872,234.6188523132688,241.28651428222656,29143900,-0.008264500000000008
2023-05-02,241.2865062992217,243.01296348744427,237.1291438550172,237.377197265625,24350100,0.0
2023-05-03,237.60540621704425,239.86765214917628,230.93772921497737,235.1844024658203,34463900,0.0
2023-05-04,234.22195246681608,236.34528907829275,231.11631888863627,231.7017364501953,17889400,-0.646421
2023-05-05,230.43172527810057,232.85271409504875,228.0603350363513,230.967514038086,27000500,0.500206
2023-05-08,229.61808820959843,233.7853826412468,228.4770485325923,231.4536895751953,16400500,0.0
2023-05-09,229.6577855946408,234.04336825414188,229.2807395505276,231.5529022216797,16865600,0.968386
2023-05-10,234.33108842458907,234.9065741400188,228.92352723267723,231.26515197753903,19119000,0.0
2023-05-11,231.23538492451843,236.35521078761784,230.4912247167416,233.9540405273437,20449000,0.0
2023-05-12,234.89664985723425,235.1149380574056,229.64783150762847,231.9894561767578,16161400,-0.0025975
2023-05-15,235.07525568820336,238.38924563922228,233.4976396213384,237.00015258789065,20653200,0.0
2023-05-16,233.9540432740443,237.77407177480512,233.68615649688385,236.96046447753903,18163800,0.0
2023-05-17,236.59331648061985,241.94134687586555,236.28573270445185,240.60186767578125,21193100,0.0
2023-05-18,239.4211442419808,245.1660543132084,239.31200014059405,244.9279327392578,22943300,0.0
2023-05-19,245.5431087203749,246.753610562604,241.51472379688204,243.72735595703125,21733600,0.0
2023-05-22,243.4991748015389,251.5956424615814,243.2114243418181,246.3865203857422,27738500,0.0
2023-05-23,244.8882489627154,249.65087751904687,244.72949114484263,244.8188018798828,17748100,0.0
2023-05-24,243.37015438607577,247.64659264626343,243.04272207618027,247.26956176757807,17724300,0.0
2023-05-25,251.4269363674874,253.6296519124668,247.2298768085311,250.72247314453125,22371400,0.0
2023-05-26,250.9606119796832,260.26758163108605,250.74233888741432,259.99969482421875,25727200,0.0
2023-05-30,263.1846450145921,266.55816503984386,259.255487821885,260.47589111328125,23816500,0.0
2023-05-31,257.9755935462562,262.936662652915,256.4376742351772,262.6588439941406,25473700,0.0
2023-06-01,263.8295904214734,271.8665266446984,263.81968887583463,270.4873352050781,25609500,-0.5911593333333333
2023-06-02,270.5369640530964,273.2060210618952,269.0089466293334,270.4873352050781,19416900,0.190701
2023-06-05,268.1953160303984,273.42430092681104,267.46108767771483,269.27685546875,20742900,0.9746706666666668
2023-06-06,268.0366221259544,274.41654891819206,267.59011385118043,269.00897216796875,19419000,0.891661
2023-06-07,269.5547499406301,272.1146483503316,260.7537876563542,261.5475769042969,26163600,-0.638096
2023-06-08,258.59067941544686,265.56593916023627,256.8642376024119,262.51983642578125,20899400,0.0
2023-06-09,260.4362247170968,265.8636340720592,259.6622993556924,262.8869934082031,16949800,-0.3501722
2023-06-12,265.0897203172627,269.6340452732035,263.2640206504683,268.9394836425781,15442500,0.0
2023-06-13,272.73970632322903,273.5731621964801,266.9947805297934,269.2074279785156,16164000,0.0
2023-06-14,269.7729647864291,272.8488026603034,266.2307550388256,271.2215881347656,19175100,0.0
2023-06-15,270.1797642281489,281.7787441952247,269.3066416531064,279.63555908203125,25973500,0.0
2023-06-16,282.532843511724,285.6087119553762,277.94882118522963,278.8120422363281,43127700,0.0
2023-06-20,276.5597466644631,282.58246105378674,274.06928048735443,282.1161193847656,20701600,0.0
2023-06-21,281.3223506771336,281.7886923298637,276.1925924971015,279.44708251953125,20556200,0.0
2023-06-22,276.90697727173125,283.0388807556065,275.6270434409826,282.6618347167969,17563100,0.0
2023-06-23,279.31808843197484,287.41455585917544,276.7780237818679,286.4818725585937,51092000,0.0
2023-06-26,286.45208350341085,287.5335927129634,275.4385062924321,276.3017272949219,24232700,0.0
2023-06-27,279.81417598610125,287.0970204097257,278.4647497013113,284.8149108886719,26108300,0.0
2023-06-28,282.6023533520703,287.29550543901786,281.8482611436121,283.0686950683594,16722100,0.0
2023-06-29,282.2847970363705,284.33868665809604,278.50446526998496,279.3379211425781,15395700,0.0
2023-06-30,282.5427376087658,286.799311897848,282.2053886384394,284.7454528808594,19694900,0.197336
2023-07-03,284.4676665294726,287.1466252255622,282.6320652147703,283.7929382324219,8629300,-0.2557265
2023-07-05,285.41023480138307,295.79871236153565,284.13027078429906,292.0779113769531,33865500,0.05572700000000005
2023-07-06,293.5860568864933,295.7986735357306,289.0417022570287,289.7164001464844,47600500,-0.615908
2023-07-07,289.9049379943408,293.8936557099863,286.4123573169168,288.2677917480469,25586000,0.030435000000000007
2023-07-10,293.24871963934146,295.8086477039445,284.8149039740183,291.8100280761719,37058300,0.0
2023-07-11,291.61160499769574,297.8427059212955,289.6271775662314,295.9674377441406,27585900,0.52445025
2023-07-12,299.4004680187438,307.04052521355806,297.7633215569858,306.9313659667969,36677100,-0.952392
2023-07-13,311.17802190329286,313.7776166697492,307.8739639648475,310.9696655273437,30281000,0.0
2023-07-14,309.36227324592335,312.428209501779,304.966744178056,306.4649963378906,23054100,0.0
2023-07-17,305.1453809142804,309.2828946951575,302.3373994520956,308.2013854980469,25323100,0.0
2023-07-18,308.4593967151567,311.75355343232627,305.22477039697566,309.6202697753906,20731900,0.0
2023-07-19,310.59263096242654,316.1986319082592,308.1021650649504,313.5494384765625,21763700,0.0
2023-07-20,311.0589758876624,313.0831001900084,299.86680724874,300.1644592285156,23836900,0.0
2023-07-21,302.19850020228625,303.081554551309,288.9326093562947,291.9687805175781,42139300,0.0
2023-07-24,293.47696087002083,295.20340298252125,286.05519164762,289.33941650390625,24915700,0.0
2023-07-25,292.89154957975995,295.97731949491924,289.5874611705835,292.1771545410156,19585600,0.0
2023-07-26,298.844834198046,299.42030479674065,289.62716083305537,296.2452392578125,47256900,0.0
2023-07-27,322.5884861813,322.81670621390026,307.4274633309865,309.28289794921875,64229200,0.0
2023-07-28,314.41263608382906,323.66007368157807,311.80310958996205,322.9456787109375,39220300,0.0
2023-07-31,321.169564334237,323.1242259827866,315.1170564163969,316.11920166015625,25799600,0.0
2023-08-01,315.06753789734006,321.6161541887826,312.2099576770772,320.197265625,22817900,0.0
2023-08-02,315.5239417009489,315.9109195600562,308.23116529432224,311.8626708984375,20461100,0.842604
2023-08-03,307.5167775331678,313.4899232457008,307.5167775331678,310.7514038085937,15180200,-0.48674375000000003
2023-08-04,312.50759107890946,315.9307401558167,307.7846748712968,308.310546875,17612800,0.7708305
2023-08-07,310.7910352506405,314.6011313313248,308.04258456716093,314.0950927734375,16236500,0.446863
2023-08-08,311.9519639012192,315.4148101122984,307.6953588862012,310.2056884765625,15183500,0.3962305
2023-08-09,310.44385008974183,311.1880104193689,300.49194715939456,302.83355712890625,19955800,0.067837
2023-08-10,305.54225702209254,309.90799078632176,301.5039404211993,303.359375,14358900,-0.9743945
2023-08-11,300.2140721691434,302.34732532437346,298.02125834115725,299.29132080078125,14046300,0.48142675
2023-08-14,298.6364234273919,303.8256805367405,295.9276697324113,303.80584716796875,15641900,0.0
2023-08-15,303.75628486098515,304.8377940471984,297.6938440429067,299.5989074707031,11623600,0.0
2023-08-16,297.8625831522771,298.735705826755,291.9886643642091,291.99859619140625,18547700,0.0
2023-08-17,290.7682215551062,293.7448627460336,282.7313145635703,282.8702087402344,23950100,0.0
2023-08-18,276.857352138506,283.46549817008304,272.2435650787886,281.04449462890625,35347900,0.0
2023-08-21,281.2429708465109,288.2380649581244,279.65542295254005,287.6427307128906,20181500,0.0
2023-08-22,290.2720962228701,290.6193770623764,284.51726906518275,285.36065673828125,12980200,0.0
2023-08-23,286.25364724690445,295.08434296040133,285.4301232140553,291.9489440917969,18287000,0.0
2023-08-24,296.17575192971134,297.1282684826556,284.40811347284574,284.5172424316406,18360900,0.0
2023-08-25,283.9020463553259,286.1444584976901,273.8806842050553,283.2769470214844,23701400,0.0
2023-08-28,285.7575264634264,289.180675611169,283.57464435762574,287.9999389648437,14239300,0.0
2023-08-29,286.3330045979978,296.8207102483981,285.9361251901025,295.66973876953125,20844500,0.0
2023-08-30,294.8561048281346,295.9673791248622,291.1452056759041,292.8022155761719,17717000,0.0
2023-08-31,293.49679472781526,298.75554540509034,293.35790055805364,293.58612060546875,17229900,0.0
2023-09-01,297.03900536445764,299.39054694781646,292.17716437490265,294.0722961425781,12842300,-0.91793
2023-09-05,294.70729361157686,299.0432927883047,293.2090715589828,297.8129272460937,14956000,0.010519571428571422
2023-09-06,299.36074630859395,300.93836224382807,293.3578663505046,296.8405456542969,15418100,0.677107
2023-09-07,295.67965546312854,304.6591765120229,289.9446620146728,296.3444519042969,33748700,0.965335
2023-09-08,296.89021820572583,302.8732662842707,294.4692140806798,295.5705871582031,17548000,-0.14097228571428572
2023-09-11,299.0631442958572,306.6337399082201,298.93415166603296,305.1652526855469,19489300,0.198037
2023-09-12,303.94477776656885,306.2566524037513,297.8922990504119,299.3111572265625,13480400,0.0
2023-09-13,300.0056731795405,304.7881497375785,298.97379289345565,302.6846618652344,13210900,0.0
2023-09-14,304.3515816681793,310.4338557149774,302.654904936872,309.2928161621094,19343100,0.0
2023-09-15,309.18368185356906,309.5706597125895,296.42382881133364,297.9716796875,28131100,0.0
2023-09-18,295.8681770868444,301.23605631967,295.4811992467907,300.1942138671875,14234200,0.0
2023-09-19,300.12481126059,303.7860822406688,297.47558735502014,302.69464111328125,15924400,0.0
2023-09-20,302.67472271647927,305.66129510671567,297.0984875686937,297.3366394042969,19379500,0.0
2023-09-21,293.397602964285,297.9220950102227,290.98650066246944,293.4273681640625,21319600,0.0
2023-09-22,296.9695394393899,303.00221551221176,295.947560570074,296.7512512207031,25369600,0.0
2023-09-25,293.33801904399604,298.60667040304367,291.41312239636414,298.4875793457031,18987000,0.0
2023-09-26,295.34236682279686,297.9617955400917,293.70522008949223,296.6322326660156,19417200,0.0
2023-09-27,298.1106127734607,298.9539701789239,284.5569702480841,295.42169189453125,36429800,0.0
2023-09-28,296.6123599455331,303.9448032957464,294.3898109917405,301.59326171875,22167100,0.0
2023-09-29,304.9866526085404,308.2212789671032,297.0290793382049,297.8724670410156,25373700,0.0
2023-10-02,300.3827511018216,304.78818213594394,299.28140848326984,304.4309997558594,16265600,0.0
2023-10-03,301.89092774805414,304.38136336068993,297.30690563751256,298.5967712402344,17362300,-0.964323
2023-10-04,296.4039835330329,304.51035179503504,296.1757635012426,303.2006225585937,16880500,0.0
2023-10-05,302.25802076171334,303.82570485884224,297.1679603687021,302.4167785644531,19130000,-0.0067025
2023-10-06,299.0929081606846,313.8471214300376,298.5670360967991,312.9739685058594,21803900,-0.19637749999999998
2023-10-09,310.0667763769625,317.8357962026818,309.3920783387563,315.8811340332031,22503700,0.0
2023-10-10,316.63522300395726,322.13209523981016,315.6827063546983,319.33404541015625,19038000,0.0
2023-10-11,320.49497139971857,326.2795642087612,320.435440997427,325.2675170898437,22036300,0.13268799999999997
2023-10-12,325.4460523014571,327.9662832580327,320.17740064543665,321.6359558105469,20530500,0.061383
2023-10-13,321.0108492234802,322.5190029215304,309.9377423510793,312.2396850585937,21341000,0.0
2023-10-16,316.15894806212225,319.3141799633307,313.0632162730603,318.6493835449219,16536100,0.0
2023-10-17,315.70251300439446,321.87408274940765,314.8293601998335,321.4772033691406,16387800,0.0
2023-10-18,318.8875816026241,323.4021419109411,313.10295866554907,314.5019836425781,16851000,0.0
2023-10-19,317.3893171227114,319.3836763111059,309.3226150513973,310.3743591308594,18709200,0.0
2023-10-20,311.6940081053693,312.8449492839968,304.08371614626304,306.2467346191406,22312300,0.0
2023-10-23,307.09007933345515,314.8888629365929,304.86753077519865,311.5649719238281,17796800,0.0
2023-10-24,314.313438156606,315.8712208509296,308.2113302782834,310.1163635253906,19525500,0.0
2023-10-25,307.5862636358904,308.45941658390853,296.513154511403,297.1977844238281,42192500,0.0
2023-10-26,292.7029805200805,292.7029805200805,277.22444396879075,286.1047668457031,66684100,0.0
2023-10-27,292.1870750395305,296.9794534570117,290.6888227974808,294.4195556640625,29596300,0.0
2023-10-30,296.7611653844392,306.9908852950392,296.7214683615975,300.3033752441406,28435100,0.0
2023-10-31,300.9483186528854,301.31543285724274,294.5485285219265,298.9241943359375,19434200,0.0
2023-11-01,299.4997076080775,310.30489891866,299.4997076080775,309.4218444824219,20434600,0.453765
2023-11-02,314.8293584584188,316.3375424870294,305.92920138835984,308.4494323730469,21631800,0.0
2023-11-03,310.11633466819546,313.0929753347785,308.5982491394363,312.150390625,16764300,-0.23310780000000003
2023-11-06,313.5197164612281,315.85139458572127,312.0016306115129,313.3410949707031,12887700,-0.943165
2023-11-07,314.5912189143697,318.5005426389386,312.6663222467412,316.3375244140625,14055600,0.3648746666666667
2023-11-08,315.66285499199586,318.8279885761275,312.4282289074521,317.2900695800781,13609700,-0.092862
2023-11-09,316.93287073587214,321.6557867220615,316.3176728894775,318.0540466308594,16103100,0.983742
2023-11-10,317.4488494738817,326.53753048133314,316.9725760032875,326.2100830078125,19096200,-0.6027516666666667
2023-11-13,323.6600310534776,329.7422739080535,323.1639243414275,326.6267395019531,16908900,0.0
2023-11-14,331.9351988006026,335.46747735371565,330.7345983528603,333.69140625,17179400,0.0
2023-11-15,335.29874106904697,335.7650826812692,327.45032770758064,330.119384765625,14531200,0.0
2023-11-16,326.8053532872348,331.9747771064704,323.83864463327063,331.5878295898437,18932600,0.0
2023-11-17,327.6885243942522,332.8877147805215,326.7856062436665,332.4313049316406,14494400,0.0
2023-11-20,332.28244395513093,339.20807585654825,331.58788228778786,337.3228759765625,16960500,0.0
2023-11-21,335.69560423392653,337.25338680796017,333.2845325230063,334.35614013671875,12027900,0.0
2023-11-22,336.5688086095252,340.2499433246193,335.943709119039,338.8310546875,10702700,0.0
2023-11-24,337.4816661250414,339.1981765257003,334.1478121943514,335.5964660644531,5467500,0.0
2023-11-27,333.5623899828544,337.253426109188,331.59782626203656,332.09393310546875,15684500,0.0
2023-11-28,330.8040537479839,336.73750279402384,330.8040537479839,336.3505249023437,12637200,0.0
2023-11-29,337.0450118339729,337.2533681940458,328.2043857685814,329.61334228515625,16024500,0.0
2023-11-30,329.305804972317,330.9032544248157,319.88967678227107,324.6026916503906,23146400,0.0
2023-12-01,322.9457277162317,324.314957194441,318.26247781580844,322.2908630371094,15276400,0.0
2023-12-04,314.8194138690752,318.36159287101395,311.2176742026113,317.52813720703125,19037100,0.0
2023-12-05,316.49630583352786,319.37371922485295,312.93426263406553,315.8116760253906,16952100,-0.4286915
2023-12-06,319.4233078712785,319.74082348141286,314.5713992512257,314.97821044921875,11294300,0.0
2023-12-07,315.2957262890319,325.684204601207,315.2957262890319,324.04705810546875,15905100,-0.922495
2023-12-08,320.5743303870982,330.5758617421196,320.4850347849948,330.1591186523437,14087400,0.31697766666666666
2023-12-11,326.83513788878696,327.3213431195111,317.5083365583756,322.7472229003906,25802500,0.0
2023-12-12,322.07255485448627,331.86569867463805,322.0328578303436,331.6176452636719,18485500,0.146137
2023-12-13,331.329854390829,335.7352848543165,330.04992074802453,332.133544921875,16353300,0.0
2023-12-14,331.2505341986713,332.0939218599385,326.08110954354635,330.5758361816406,19607300,0.0
2023-12-15,329.40501619139945,336.02309488590646,328.6410225440708,332.3122253417969,31776900,0.0
2023-12-18,334.85225615932194,344.8537559101192,334.39581610239355,341.9366455078125,18993900,0.0
2023-12-19,342.8891779975481,350.8467508068738,342.4327681993937,347.6319580078125,17729400,0.0
2023-12-20,345.93526435895194,352.1961297303839,345.0819752003526,346.56036376953125,16369900,0.0
2023-12-21,350.23160410040464,353.63488983756224,346.4909390575598,351.3329467773437,15289600,0.0
2023-12-22,352.81128655167174,354.4186979641028,348.4852499373512,350.63836669921875,11772800,0.0
2023-12-26,352.22592701294764,354.2004528401939,350.6979397367357,352.0671691894531,9898600,0.0
2023-12-27,353.29751731228595,356.2046960041271,352.5434252578998,355.0437927246094,13207900,0.0
2023-12-28,356.8992584473952,359.08211028758853,355.0239601332717,355.5299987792969,11798800,0.0
2023-12-29,356.19475166917226,357.19689709783825,349.0805970920824,351.20391845703125,14987100,0.0
2024-01-02,348.5844297575738,350.410098836556,337.36249827821,343.5935974121094,19042200,-0.11374999999999998
2024-01-03,342.29384989196654,345.2407254199477,340.5078472895794,341.7878112792969,15451100,0.2485165
2024-01-04,341.81761082843025,345.43918468397345,340.72616973060616,344.4172058105469,12099900,0.0
2024-01-05,344.2882234705981,350.7475443733981,343.5639268458326,349.2096252441406,13920700,-0.24834733333333336
2024-01-08,351.93812227528014,356.184794623425,349.3087324129408,355.8672790527344,13890200,0.7432486500000001
2024-01-09,353.6249632198084,357.8319699766495,352.5930524741726,354.6469421386719,13463900,0.0
2024-01-10,357.3655998102049,370.0361570840026,356.28406029694395,367.58538818359375,22117200,0.9240740000000001
2024-01-11,369.2324630283158,369.8773958319146,360.10408551905675,366.7916259765625,17205400,0.24505966666666668
2024-01-12,367.277824706656,374.124093141166,366.6626570609986,371.5740966796875,19310000,0.0
2024-01-16,370.7405897443829,372.685319838908,364.3705956613117,364.5987854003906,15306900,0.0
2024-01-17,363.44791065966086,365.6704902099277,355.8177839508484,365.5018005371094,12724800,0.0
2024-01-18,368.59743859937487,373.91571950102383,368.0616650307432,373.2013244628906,16354300,0.0
2024-01-19,376.0489622272857,381.3672126996037,375.026983409212,380.4643249511719,21670800,0.0
2024-01-22,384.9292833279464,387.3105899434806,378.1921444163677,378.8073120117188,17680500,0.0
2024-01-23,381.6251827598736,385.3559155148058,379.1049517852149,382.20068359375,15506100,0.0
2024-01-24,386.963336259334,393.0654443520471,384.7903858717887,387.6578979492188,15698500,0.0
2024-01-25,387.13201825545184,392.4105719303832,382.6571249452781,390.1185607910156,15091100,0.0
2024-01-26,391.2794623469608,393.700466096478,388.5409429594839,391.0711059570313,13163700,0.0
2024-01-29,391.9145047082458,399.7926844118873,390.0392364410356,397.8975524902344,18742400,0.0
2024-01-30,400.4475512337395,403.1959724719621,396.4588627847728,396.9450378417969,18614700,0.0
2024-01-31,385.9710654040157,394.9009872257024,384.0858657420948,387.1022033691406,20180800,0.0
2024-02-01,390.8726294116764,397.38154822868097,389.98954477012256,391.7060852050781,29727100,0.0
2024-02-02,456.0213826629202,482.176118971358,449.48269858581074,471.2915344238281,84707600,0.23614525000000003
2024-02-05,466.221332864614,468.2255934429309,455.64433221754496,455.8328552246094,40832400,0.444481
2024-02-06,460.3871235847148,463.4828252605775,449.4727736721461,451.1793823242188,21655200,0.0
2024-02-07,454.4338116753669,467.84852814107,452.6279757242276,465.9335632324219,23066000,0.07647
2024-02-08,464.67345107328936,466.925764902263,461.4090600570604,466.3403625488281,18815100,-0.1765886
2024-02-09,469.267459133398,469.9024601255168,463.8301174160843,464.4651184082031,18413100,0.35556175
2024-02-12,464.5444992074422,475.4191520519448,462.947019526659,465.24896240234375,19382000,-0.980019
2024-02-13,453.3126287541774,464.2468421541009,451.5464897333487,456.5373229980469,20916600,0.0
2024-02-14,464.2864998480657,470.4183725927847,462.4608304684062,469.5948486328125,16858400,0.0
2024-02-15,471.5792700729416,484.8153956241021,468.5430989342173,480.2611389160156,24212300,0.0
2024-02-16,474.38723338064216,475.2306210030674,465.5565383292655,469.6345520019531,23324600,0.0
2024-02-20,466.0625897590752,472.4722813616275,462.9271910394476,468.0767822265625,18015500,0.0
2024-02-21,463.3588130192424,465.8419792197742,458.6805363848249,464.8785095214844,12921800,0.0
2024-02-22,477.0062442785985,486.690591638856,472.8543980185372,482.8565979003906,21625800,0.0
2024-02-23,484.7636105726592,491.0311185651113,479.10201079171736,480.7706909179688,18374300,0.0
2024-02-26,480.2144859744723,482.86652048024735,477.3638163849019,478.4961242675781,12101400,0.0
2024-02-27,476.74801536407614,483.9889055616532,476.6884218053205,483.7703857421875,10809600,0.0
2024-02-28,481.734154070962,487.74340304330303,479.49930490259146,480.7607421875,12715500,0.0
2024-02-29,485.1509978759403,488.38905573969606,479.360238325875,486.8296203613281,17732000,0.0
2024-03-01,488.7963071827619,500.8545756713837,488.5380785343457,498.9176940917969,16273600,-0.12247362499999999
2024-03-04,499.6129663105394,501.023417843007,493.0772871660998,494.8353576660156,12324100,-0.1985864
2024-03-05,491.6668488599236,492.24293001218,484.60473958064495,486.9190368652344,15325300,0.6059450000000001
2024-03-06,494.2791504217165,499.583189220119,490.96164437082433,492.74951171875,11757900,0.908888
2024-03-07,499.8911121312514,516.3495133273082,498.0039120353607,508.7411193847656,18586400,-0.9326605
2024-03-08,510.7276263527499,520.0444695551262,495.9875573729022,502.5431213378906,18597100,-0.600106
2024-03-11,493.6633585577727,493.97126872640746,472.7948211431618,480.3337097167969,20428300,0.0
2024-03-12,489.9385984033987,498.9276472763487,481.4660371505674,496.3848876953125,15448200,0.151295
2024-03-13,492.0542820577353,497.6066378852909,487.7236245660359,492.2330627441406,12090700,0.0
2024-03-14,496.8914781058929,497.97413488615047,484.8729481404794,488.5182189941406,12620000,0.0
2024-03-15,485.7171818374757,488.51816987456107,478.0590765437651,480.8402404785156,29153600,0.0
2024-03-18,488.5976770138942,494.070584561547,483.5320123264852,493.633544921875,11755300,0.0
2024-03-19,484.88286188860536,493.2858869730183,478.039241983051,492.89849853515625,10903100,0.0
2024-03-20,496.1365447643777,504.7779741854075,491.835714780714,502.1159973144531,11711100,0.0
2024-03-21,511.2441867233573,511.5719209963109,502.6027566454652,504.3409729003906,9712500,0.0
2024-03-22,503.5860372883636,506.536039547684,500.94394517125465,506.1486511230469,8120600,0.0
2024-03-25,502.3842409725829,503.80460470631,496.8715940455522,499.63287353515625,8380600,0.0
2024-03-26,501.728706497461,506.5659094495254,491.8754895881046,492.5509338378906,11205400,0.0
2024-03-27,495.9378868635,496.5239406969625,484.7835249180725,490.5345153808594,9989700,0.0
2024-03-28,489.521395786928,489.5710772928442,481.8831749511718,482.3102722167969,15212800,0.0
2024-04-01,483.91942370792447,494.0805200317012,478.535906243389,488.0414733886719,9247000,-0.928241
2024-04-02,481.83353672480007,494.1798308024733,481.38655471994537,494.0209045410156,11081000,0.262643
2024-04-03,495.5704114495978,503.8244530380208,495.3916307675297,503.3278198242188,12099200,-0.971988
2024-04-04,512.9426409502,526.4312162585362,507.1419685443488,507.4797058105469,26476300,-0.29451516666666666
2024-04-05,513.3796505682054,527.1264840478417,510.9461357936423,523.7891235351562,19263300,0.2953033333333333
2024-04-08,525.7159681793986,527.9110477017449,515.3959177184777,515.7534790039062,13260600,0.0
2024-04-09,518.7135615949388,522.3290663211401,503.3278727144739,513.4194946289062,10863800,-0.461593
2024-04-10,505.8606751200009,519.0413099030587,502.3941546225541,516.3297119140625,11418500,-0.896917
2024-04-11,517.6009623032506,520.3324444976931,513.8066779437078,519.6371459960938,10369500,0.0
2024-04-12,514.2636784657437,516.6872509060779,505.9003620426098,508.45306396484375,11984500,0.0
2024-04-15,513.2405552726893,515.0384255513786,493.93148546628265,496.8616333007813,13512900,0.0
2024-04-16,494.75592258091154,501.3710805844467,493.7626561595775,496.3948364257813,9847900,0.0
2024-04-17,499.7123609723866,499.77195453488656,483.8598367935751,490.8424987792969,12193700,0.0
2024-04-18,496.4544030177161,508.76098785932845,495.67965646364473,498.4210510253906,14808700,0.0
2024-04-19,499.4143166920903,499.4143166920903,472.52661920207805,477.8306579589844,25215400,0.0
2024-04-22,486.4224564783826,488.6970451800913,470.2123404271616,478.48626708984375,17271100,0.0
2024-04-23,487.94208219261503,495.4015219937874,485.6774361839296,492.7594299316406,15079200,0.0
2024-04-24,504.6389278841395,506.5658671370393,481.317021755362,490.1769714355469,37772700,0.0
2024-04-25,418.56245488313147,442.7683522003621,411.7089227857851,438.4079284667969,82890700,0.0
2024-04-26,438.4873289037164,443.43380595163336,429.0512991270312,440.3050231933594,32691400,0.0
2024-04-29,436.60018048581,436.7988458925218,425.6742499825373,429.7069091796875,21502600,0.0
2024-04-30,428.147455924362,436.6597559754636,426.8264249918601,427.2734069824219,18429500,0.0
2024-05-01,425.7139786368292,446.9301340688052,424.23399111108887,436.232666015625,20344900,0.0
2024-05-02,435.8850291236209,440.9705483091824,429.3692038781096,438.7059020996094,15221300,0.5715667142857143
2024-05-03,442.9272916540199,451.1118276457245,440.8613108178751,448.9166870117188,16489100,-0.05765854545454547
2024-05-06,452.5122546401576,463.02102923203086,450.2873477934908,462.5442504882813,15094600,0.5757656666666667
2024-05-07,463.1501848954651,468.3548909827228,458.2037074526032,465.0870361328125,13406800,0.4779105
2024-05-08,460.3789341022437,472.3775777745394,459.8823009478724,469.4176635742188,11683900,-0.24044233333333334
2024-05-09,466.83517215291295,472.87421806387255,464.481135815607,472.21868896484375,9437700,0.729966
2024-05-10,473.87749114181366,474.2847340273294,466.43793506604857,472.9934997558594,10750000,0.619431625
2024-05-13,469.5666542142831,470.16262007052,459.7333236786639,464.8585815429688,14668800,0.0
2024-05-14,460.24982000044906,469.35808569307136,456.9819652481851,468.6727294921875,10478600,0.0
2024-05-15,471.78169064027946,479.25104313597546,468.0271448205266,478.2975158691406,13100500,0.0
2024-05-16,471.8015582324169,474.4734473766368,469.5667087460528,470.0434875488281,16608200,0.0
2024-05-17,467.6595856815888,469.6163216180006,465.2658404350713,468.7323303222656,10807300,0.0
2024-05-20,466.7855247891009,470.013640367692,463.8951161258971,465.6829833984375,11745100,0.0
2024-05-21,463.97456625143184,467.53047671083374,459.1572184570371,461.5013427734375,11742200,0.0
2024-05-22,464.7195783331047,470.5301932433233,462.51452555786585,464.6301879882813,10078600,0.0
2024-05-23,469.6958441033179,471.1658590507636,458.4322061887184,462.6436462402344,11747900,0.0
2024-05-24,464.4712177669983,476.618876454476,463.16009887614,474.9998474121094,12024300,0.0
2024-05-28,473.370818525472,477.6219968848816,471.6425449414373,476.6883544921875,10175800,0.0
2024-05-29,471.4638000883628,476.618854768797,470.5102728984341,471.1658020019531,9226200,0.0
2024-05-30,468.493945223361,468.55353877845073,461.5807897121286,463.905029296875,10719600,0.0
2024-05-31,462.66346029491183,465.9611118987805,451.3998233629331,463.6865234375,16919800,0.5220956666666666
2024-06-03,467.68935877281706,476.3705269083725,465.0870058983624,474.2747192382813,11279400,-0.18429080000000003
2024-06-04,473.788049052822,475.6653370045295,470.04344582485936,473.7781066894531,7088700,0.0
2024-06-05,481.18795865539454,493.30579153156,480.6515862684817,491.72650146484375,15690500,-0.9627245
2024-06-06,489.6604950970564,499.4342331212912,487.5845718978277,490.4352416992188,10667300,0.6927453333333333
2024-06-07,492.57071177763146,495.550510782331,486.8693727151729,489.64056396484375,9380700,0.7597448
2024-06-10,490.5344693281946,499.2752307587235,490.08751769050286,499.2156372070313,11220900,0.0
2024-06-11,496.792112209235,504.1820164411717,494.914824216535,504.0528869628906,9673700,-0.0268235
2024-06-12,510.5290124391708,510.5488971678868,501.0731267567173,505.4136962890625,11983200,0.1991881666666667
2024-06-13,502.3047412736244,505.9301575612256,497.9840263831037,500.7055969238281,9954600,0.0
2024-06-14,499.76102858798566,504.2351649770315,497.87195484771325,501.2623596191406,10243300,0.0
2024-06-17,498.786716272725,507.8145165497157,493.15924290347647,503.71820068359375,11266600,0.0
2024-06-18,501.6601002506012,503.09182645286137,492.174921746173,496.6192321777344,13060400,0.0
2024-06-20,499.1148224913511,500.7752377414344,493.9148702900185,498.8165588378906,11801200,0.0
2024-06-21,500.5564933752359,500.5564933752359,489.5600618320149,491.9363098144531,22359200,0.0
2024-06-24,496.3308832381368,504.88143086237153,491.4490995948573,496.0425415039063,13525300,0.0
2024-06-25,494.193234056006,507.774727975701,492.65215468981233,507.6653747558594,12063200,0.0
2024-06-26,503.7380827860577,510.8569351712193,501.779403915125,510.1708984375,8882300,0.0
2024-06-27,511.294373925033,519.8747782877508,510.9464098062174,516.5738525390625,10121200,0.0
2024-06-28,514.1777300033583,518.8805251412638,500.94420066099576,501.322021484375,15855100,0.0
2024-07-01,502.0478255113692,503.6684316425156,490.335531960126,501.77935791015625,10328200,0.0
2024-07-02,497.8818980210312,507.5659077862411,496.5794296566328,506.5716552734375,7739500,-0.4466285
2024-07-03,503.459628898402,508.34141226916296,503.1116344581956,507.0289916992188,6005600,-0.31661
2024-07-05,508.65968477780285,537.7614502342552,508.65968477780285,536.8069458007812,21354100,-0.965076
2024-07-08,539.2327877262878,539.6901656960439,523.623072932016,526.2777099609375,14917500,0.0
2024-07-09,530.6823045262751,534.3908471604564,525.1542627135257,526.953857421875,8753200,-0.928782
2024-07-10,527.7392732226358,535.782802810221,525.3232468812585,531.6168823242188,10983300,0.972678
2024-07-11,527.8387206588444,532.382461834716,505.4481350938496,509.7532653808594,16458300,0.970512
2024-07-12,494.8991408562319,505.1697559706881,491.3894306970728,496.0027465820313,19750500,0.0
2024-07-15,495.764185294849,503.76790669294775,490.5344068407608,493.3083801269531,12539200,0.0
2024-07-16,498.61766470466665,501.05359564218975,482.9979652991605,486.9749755859375,14075800,0.0
2024-07-17,476.4160299811506,476.4160299811506,456.4812472174527,459.3347473144531,28076600,0.0
2024-07-18,472.2699610515285,476.4855821522594,461.8700878787095,473.1150817871094,19267200,0.0
2024-07-19,473.32389780212014,483.9126820908743,472.9759033181893,474.0497131347656,15149400,0.0
2024-07-22,483.7833994626786,489.23191443908513,481.1188098720585,484.59869384765625,12023100,0.0
2024-07-23,487.0246404087884,492.3737237074945,484.91682996591794,485.8812561035156,9455500,0.0
2024-07-24,469.5954226900346,473.5624806822974,457.9328292752082,458.6188659667969,17649700,0.0
2024-07-25,460.5974401928431,460.8857515823245,440.1058796187656,450.8040466308594,18240500,0.0
2024-07-26,461.5320586336811,467.0700224305545,456.7795325266989,463.0234375,14222400,0.0
2024-07-29,467.1794330696992,471.2359704706436,462.347349484825,463.0333862304688,11339600,0.0
2024-07-30,464.315962513696,470.0130408141906,454.075172907761,460.5278625488281,11390400,0.0
2024-07-31,468.3128218694942,473.7613367281888,464.06737443417023,472.1009216308594,24285800,0.0
2024-08-01,518.0055653777843,524.1400864636705,489.2716734818862,494.8792419433594,43083100,0.0
2024-08-02,486.1895153173056,498.2696781877349,473.4133634987111,485.33447265625,24044700,-0.6318493333333334
2024-08-05,448.7559059334732,480.7012460328518,448.2090488117456,472.9957885742188,21396200,-0.43365750000000003
2024-08-06,476.24694705318433,499.6715335038331,475.8989526100752,491.2502136230469,20955000,0.0
2024-08-07,500.2382746300819,507.2179163887547,484.06176673048657,486.1099548339844,20105300,-0.11813300000000004
2024-08-08,494.6406693387536,507.0290482599496,491.876648319754,506.7009582519531,16156800,0.989927
2024-08-09,504.7919205071636,515.3608596163658,502.7934936456136,514.7941284179688,13696600,0.39299
2024-08-12,513.8893011239608,515.042667936588,506.17392282899993,512.9845581054688,9767400,0.0
2024-08-13,517.0212549519154,528.4452065274616,515.1719598564413,525.502197265625,13743800,0.0
2024-08-14,525.0249990881922,530.9308616621455,520.1233412991648,523.7324829101562,11444200,0.0
2024-08-15,528.7335620768248,536.667738996692,523.6728503857054,534.2417602539062,13482100,0.0
2024-08-16,528.8430261939557,530.5928599406125,521.6445857964466,524.3887329101562,14776700,0.0
2024-08-19,523.8419151544666,528.6043637407321,519.7555511220255,526.2380981445312,9879700,0.0
2024-08-20,525.3133822500959,528.0376855839605,522.8576072447534,523.7026977539062,7944400,0.0
2024-08-21,524.1202555369616,536.2998492635563,523.9014884202904,532.0841674804688,13423300,0.0
2024-08-22,533.9136709320021,541.1020981439891,525.5520328797932,528.872802734375,15708300,0.0
2024-08-23,533.834171675442,536.7672294365581,522.0423485774858,524.9654541015625,11323900,0.0
2024-08-26,524.5676149591942,524.9653402482775,511.9903567596946,518.1248779296875,9584000,0.0
2024-08-27,515.9971496313474,520.9982688988101,512.3482599012927,516.116455078125,6282700,0.0
2024-08-28,514.6945918805069,518.0949785761974,509.50462379394816,513.8097534179688,9106100,0.0
2024-08-29,516.0667015705181,524.1698829904203,512.7160758016386,515.241455078125,8317400,0.0
2024-08-30,518.3535910327766,520.5310067478107,512.2389736903795,518.3138427734375,9157500,-0.842453
2024-09-03,516.6534410103019,522.4697945071466,505.6967578251685,508.8187255859375,12459100,-0.5726583333333334
2024-09-04,503.161412557878,513.6209691624427,501.1729073895188,509.7930603027344,8335200,0.3126333333333333
2024-09-05,508.7788406552991,518.6318856057995,508.21210950371375,513.8892822265625,8640900,-0.440841
2024-09-06,518.88052782919,521.5650218623427,495.38633511921387,497.3947143554688,14744500,0.7220334
2024-09-09,503.2508845942156,508.39115339074016,499.19431711601146,501.8887634277344,11047800,0.061654
2024-09-10,505.2393897346975,511.22477928436297,497.1561114838897,501.8887634277344,9899000,0.3858585
2024-09-11,504.096000860634,510.1708694464899,492.75157549409465,508.8882751464844,10782500,0.0
2024-09-12,514.07825463183,523.6827679826088,512.2587555239991,522.5791015625,11970500,0.4939055
2024-09-13,517.3493672277767,524.5477455442109,514.1378904204591,521.604736328125,10321400,0.0
2024-09-16,522.0227173210484,531.5368365725262,514.9170282546622,530.7208251953125,9527600,0.0
2024-09-17,535.0201027147613,539.4985077957741,528.0238703630636,533.7462768554688,11690800,0.0
2024-09-18,534.4926264341286,541.5884146634684,531.3378561652726,535.368408203125,10323500,0.0
2024-09-19,547.360625106574,559.3727101138928,543.8973445888765,556.4169311523438,15647000,0.0
2024-09-20,557.3125698177632,561.790974396656,553.630313904446,558.6560668945312,22066800,0.0
2024-09-23,566.7669546644623,571.2254355902388,559.7109530325689,561.7013549804688,12830700,0.0
2024-09-24,563.9605473092387,565.0254197663409,551.5304953936857,560.6266479492188,12993000,0.0
2024-09-25,561.3432576276692,574.1117067802203,561.0148242045775,565.5828247070312,16543400,0.0
2024-09-26,572.967080344701,574.6291098304922,559.6512854533856,565.114990234375,14400800,0.0
2024-09-27,567.3640479667661,568.1005477071013,561.8009085673148,564.63720703125,9398400,0.0
2024-09-30,564.9756280044119,571.9221116471715,562.0895207658488,569.69287109375,12792300,0.0
2024-10-01,575.2063156344602,580.2420307996076,567.3641260621707,573.7035522460938,15259300,-0.941889
2024-10-02,572.1013073959746,573.2358512630743,566.6078384594379,570.0611572265625,6524700,0.0
2024-10-03,567.4139551254736,580.5605233296984,566.0007257701127,579.973388671875,11581000,0.0
2024-10-04,580.9287120013399,593.9857454241755,578.6397616460487,593.0801391601562,14169500,-0.209658625
2024-10-07,595.3490750867293,600.0564168211795,581.2371330959921,581.9736328125,12014200,-0.040644249999999965
2024-10-08,586.8600834032629,590.7115064354323,583.1579040765794,590.0447387695312,7857400,0.0
2024-10-09,591.1394888701676,591.5375936051837,578.8188944511467,587.6762084960938,9529700,0.8477283333333334
2024-10-10,584.7503015704497,587.397509697218,579.7245483018079,581.0282592773438,7740400,0.7752173333333333
2024-10-11,582.0234112463053,588.3727984137771,579.9135900095793,587.1188354492188,8587100,0.5558972857142856
2024-10-14,591.3683608695632,597.2201481215791,587.1288552616571,587.5866088867188,8252000,0.0
2024-10-15,587.3278289153324,587.7756815393129,577.3559556315927,583.45654296875,9564200,0.0
2024-10-16,578.6099570311397,579.2866865055009,571.2753296162662,574.0220336914062,11268400,0.0
2024-10-17,580.5306884411078,582.1627721197076,572.4396984468079,574.161376953125,8701200,0.0
2024-10-18,578.3113382248611,581.1675605388372,572.4894360534232,573.7035522460938,7694300,0.0
2024-10-21,573.2656610260642,574.4698153606886,566.37882637357,572.3997802734375,8171900,0.0
2024-10-22,571.5339961936412,580.7297050326658,569.3744268963089,579.2169799804688,8544500,0.0
2024-10-23,577.1867042398765,582.192594507908,559.8005716422192,560.98486328125,14248400,0.0
2024-10-24,564.4083318879617,566.1499335882773,558.8252690153747,565.0552368164062,7184700,0.0
2024-10-25,571.1757528879629,578.5004183141831,568.9763366172681,570.4990234375,11337900,0.0
2024-10-28,579.2070359341649,580.948637846338,571.3648464645419,575.3854370117188,10925100,0.0
2024-10-29,577.3659274017436,590.8210046180449,572.6387223000493,590.4329223632812,13019100,0.0
2024-10-30,598.0959611405502,598.3149369771265,586.5516522238592,588.9600219726562,26864900,0.0
2024-10-31,582.1925856019707,587.0690948039123,560.3081253081026,564.856201171875,26838400,0.0
2024-11-01,564.8860850679225,570.917001339198,559.8603316322354,564.438232421875,15303200,0.0015530000000000266
2024-11-04,561.3929508469568,565.9609509043612,555.2127905097288,557.9893798828125,12064600,0.484979
2024-11-05,564.577596671882,570.7279324508698,563.9506150919713,569.6829833984375,9775400,0.0
2024-11-06,560.0493308752114,570.25014054464,552.5056907167225,569.3046875,18305400,-0.41318925
2024-11-07,574.1215485070126,591.9455725919563,572.4496180315167,588.8604736328125,14653700,-0.03404750000000001
2024-11-08,588.7011733753752,590.2536844943522,581.7149037111028,586.5117797851562,9415700,-0.3420735
2024-11-11,583.5461541812385,584.1830975198795,573.7434467735926,580.3714599609375,10209100,0.0
2024-11-12,585.7156075410013,596.78223842264,577.5947936518803,582.0134887695312,16287700,0.990844
2024-11-13,579.8140126435408,582.8295006873793,572.4097151236031,577.216552734375,10757600,0.0
2024-11-14,574.2310533344881,577.9730193106801,570.2602105353902,574.3902587890625,11053700,0.0
2024-11-15,568.47872051752,569.8222783942981,548.8533847643662,551.4210205078125,17712900,0.0
2024-11-18,554.3668479607893,557.213169522918,547.4502482971927,551.7395629882812,14327300,0.0
2024-11-19,549.2117126735113,558.7357953255338,547.9577494586872,558.3974609375,9522400,0.0
2024-11-20,560.2284939812367,563.6320644076252,551.5404086524625,562.8060913085938,9797300,0.0
2024-11-21,566.7868914718125,567.2645685130409,546.4150954692434,560.3877563476562,11154700,0.0
2024-11-22,560.8455359497274,561.1242213982047,551.9285734744715,556.4567260742188,9164000,0.0
2024-11-25,559.4025063006017,569.842216719163,553.7199469729902,562.3980712890625,13599800,0.0
2024-11-26,563.2838034841143,574.7286157457173,562.4876547795837,570.78759765625,10356600,0.0
2024-11-27,572.1312028238776,572.220736911576,561.3929435568074,566.468505859375,7200200,0.0
2024-11-29,566.2694266604135,575.6840509462676,564.179528644509,571.5639038085938,7130500,0.0
2024-12-02,574.7285975175146,591.6470151067747,572.8078668096863,589.9850463867188,12522400,0.0
2024-12-03,592.144674748723,611.2525486705784,588.412670496105,610.7052001953125,14907200,0.25078700000000004
2024-12-04,610.0184005822902,614.8152764849832,602.1960748947224,610.83447265625,14697000,-0.40239
2024-12-05,614.1186640967649,616.9251382698544,604.136768682784,606.0077514648438,8081200,0.0
2024-12-06,607.1721088209316,626.7676190380172,605.6096966963446,620.7765502929688,16935500,0.3686764
2024-12-09,620.9258564568023,623.3939965020669,603.2610368421125,610.6255493164062,11426000,0.0
2024-12-10,614.5963368840676,622.5878301971734,609.7994606988705,616.347900390625,10938900,0.0
2024-12-11,620.37847939692,635.3363804725623,618.547343463704,629.643798828125,10837200,0.5833889999999999
2024-12-12,628.4694319605399,633.6046423977135,624.2000415346207,627.7628173828125,7474700,0.2445798888888889
2024-12-13,624.2099509122261,628.0514729907906,613.9295681709151,617.3729248046875,8453300,0.0
2024-12-16,627.4625362287662,628.6279045963112,616.1081279040426,621.7454833984375,10885600,0.0
2024-12-17,623.6676857660912,629.842921517428,614.0761642573996,616.964599609375,12897800,0.0
2024-12-18,618.5183765194273,624.8529462687603,593.9370093659079,594.8035278320312,17075500,0.0
2024-12-19,607.9507863504745,609.0762755305054,592.6222729689903,593.1900024414062,14958100,0.0
2024-12-20,588.2199724400746,600.699869104885,577.6822346553289,582.9112548828125,48989400,0.0
2024-12-23,587.2438414694396,598.6879766892466,583.907252912156,597.452880859375,10205800,0.0
2024-12-24,600.311421467438,605.5603812991077,596.8852265249648,605.3213500976562,4726100,0.0
2024-12-26,603.0603968908488,603.8771273499036,596.5465535400348,600.9389038085938,6081400,0.0
2024-12-27,597.0146600682612,599.4449119716119,587.4430773536361,597.4130859375,8084200,0.0
2024-12-30,586.3972186440706,594.5544919388965,583.239903719799,588.8772583007812,7025900,0.0
2024-12-31,589.9031610994577,591.5963188432811,581.5167657457517,583.170166015625,6019500,0.0
2025-01-02,587.3633007502451,602.4926001052438,585.4709301048888,596.8452758789062,12682300,0.5100505
2025-01-03,602.3432915147383,607.0643399858958,594.0266229827574,602.2138061523438,11436800,0.94535
2025-01-06,609.385054699766,628.4684617844035,603.1998488847688,627.681640625,14560800,0.0
2025-01-07,629.1757106264704,629.5740757337761,605.7994661876476,615.4208984375,12071500,0.0
2025-01-08,610.9487626580363,613.976592361968,600.3811160103171,608.2794189453125,10085800,0.0
2025-01-10,607.5922670173171,627.3927679278979,594.9529755373284,613.39892578125,19256600,0.0
2025-01-13,604.6739217603003,606.5364441234269,596.0585248079975,605.8990478515625,10785000,0.0
2025-01-14,602.6520744429687,603.0703790506547,586.198070906463,591.8753051757812,13598000,0.0
2025-01-15,607.7715100133968,619.972556750708,604.0763139738187,614.6538696289062,15524300,0.0
2025-01-16,609.056268564278,613.7872861859956,607.2734438085199,608.8570556640625,8355300,0.0
2025-01-17,621.5562428618572,622.4725494595965,601.2576778233948,610.3213500976562,17280600,0.0
2025-01-21,615.3611025019545,619.0164197693068,606.5763408669152,613.99658203125,11674000,0.0
2025-01-22,620.8091489005574,631.1676126122295,616.954619104307,621.0083618164062,12274000,0.0
2025-01-23,624.8529151272735,634.0559803027825,618.6677705767347,633.9066162109375,9910200,0.0
2025-01-24,633.8568781379164,649.3945139716581,631.6656574969397,644.9025268554688,19065300,0.0
2025-01-27,624.1059156551349,661.2170263231972,622.601940216737,657.2429809570312,28399200,0.0
2025-01-28,663.3385252994983,679.8522851881131,656.8345913596311,671.63525390625,20950100,0.0
2025-01-29,672.3025851139503,678.3283961259809,663.0098523603809,673.78662109375,21377800,0.0
2025-01-30,694.0352798688946,707.9494218636613,673.398052356454,684.2545166015625,29322900,0.0
2025-01-31,688.2386375622425,702.4814799874082,682.8403138955325,686.4259033203125,19303900,0.983835
2025-02-03,673.2089204422564,701.1866947109021,672.5515846641146,694.6728515625,21415700,0.911128
2025-02-04,699.6926057918002,704.8818070021638,688.8461108074927,701.3758544921875,13826300,0.0
2025-02-05,700.7384902909668,715.270213081664,696.2166547369433,702.05322265625,17778200,0.0
2025-02-06,703.0591459116995,716.0271344480996,700.6886520762018,709.1447143554688,13080700,0.0
2025-02-07,713.9355299622597,722.1127432544886,708.9057228017197,711.6646728515625,16427100,0.0
2025-02-10,715.688479736199,718.317944327383,708.4873917995161,714.5331420898438,12904300,0.0
2025-02-11,710.4694377796111,720.7680830266086,707.2025161364162,716.9235229492188,12998000,0.0
2025-02-12,712.4415265910553,724.1943596127884,709.7523040950127,722.4812622070312,12016500,0.0
2025-02-13,718.6367748250889,726.086864766196,715.170639811608,725.6486206054688,12569100,0.0
2025-02-14,723.2381862179419,737.9491204423847,722.7202448085826,733.72607421875,16901200,0.0
2025-02-18,733.058823348987,734.0548271850589,703.6169523863489,713.5072631835938,21938700,0.0
2025-02-19,701.2862790989086,704.1747145500551,692.6111245629734,700.9576416015625,17535500,0.0
2025-02-20,694.4935451126314,702.8101523617008,690.8680767624129,692.0632934570312,12587400,0.0
2025-02-21,693.79637977263,701.0572259638877,679.6331733954379,680.8184204101562,15660400,0.0
2025-02-24,683.5375152106747,684.5235492434307,659.8027276987779,665.4600219726562,15677000,0.0
2025-02-25,663.3086823740839,665.330599453422,639.2950431423949,654.87255859375,20579700,0.0
2025-02-26,657.0139704281752,680.2806060030118,655.3705397430182,671.0078125,14488700,0.0
2025-02-27,679.7228329637242,685.8980689317682,654.9422525540249,655.6095581054688,12500000,0.0
2025-02-28,655.41029188353,666.9540022019403,640.0319914083209,665.5297241210938,17534200,0.7221255000000001
2025-03-03,670.9878058928375,678.5275616526835,648.2391140524159,652.4322509765625,10843800,0.0
2025-03-04,642.9304346142569,647.1534810781478,621.1578057314852,637.4424438476562,21495200,0.0
2025-03-05,638.4384682626843,656.8645394995948,635.1117886533837,653.8466186523438,13770000,0.0
2025-03-06,645.4104577126469,647.9602249904791,621.6159125135576,625.420654296875,13446500,0.0
2025-03-07,622.8709097782997,632.2532488274342,598.2098452417057,623.1597290039062,21375700,0.0
2025-03-10,605.6401398465449,607.6719660555057,584.5248435761125,595.6004028320312,21999900,0.0
2025-03-11,592.6721150475107,612.4726776603288,590.9590175004934,603.28955078125,17401500,0.0
2025-03-12,627.3828123944874,630.7990981033598,606.9148858522937,617.0841064453125,15747000,0.0
2025-03-13,617.7714474024408,618.0204483888988,584.1662839966624,588.27978515625,16480300,0.0
2025-03-14,600.9252674163599,606.9664182577417,592.9302511563588,605.7103271484375,12364500,0.0
2025-03-17,605.5708348514025,611.1932483347241,596.1402333361115,603.018798828125,15473900,0.0
2025-03-18,598.1837512328132,598.3831413748485,572.8727029614505,580.5487670898438,20297700,0.0
2025-03-19,582.4628776976826,590.4778508331983,572.9824447250121,582.2435302734375,20537500,0.0
2025-03-20,580.947637342476,608.3023019039958,577.7077447799743,584.1775512695312,24336500,0.0
2025-03-21,581.6055148479699,595.6815960079244,579.1432258888485,594.3956298828125,25015900,0.0
2025-03-24,613.0573552722462,620.6038191496141,610.2960116120224,616.92529296875,15741300,0.0
2025-03-25,624.81079529283,631.9086473292332,619.2481319746062,624.3621826171875,15312500,0.0
2025-03-26,622.9466079863333,624.8008087872727,604.7234295430264,609.079833984375,12609800,0.0
2025-03-27,600.1276584624363,612.3395584892883,598.2335435078968,600.7058715820312,10436500,0.0
2025-03-28,598.4429920373162,599.8785159717515,572.1350521556752,574.9462890625,17602800,0.0
2025-03-31,561.7474544327795,576.9001929680891,551.57916536005,574.5674438476562,21124700,0.0
2025-04-01,569.0647253499337,588.0753644727768,568.2273109618308,584.1775512695312,12836600,0.0
2025-04-02,573.1219856405797,590.8167826006645,571.5768183567942,582.1139526367188,13470800,0.094718
2025-04-03,544.5212449573834,550.8415545424743,528.6507726588703,529.9666748046875,34777500,0.775781
2025-04-04,505.0443845169023,516.3889970810194,492.6630283031205,503.1602783203125,38589800,0.0
2025-04-07,483.591294981514,537.6924987241373,480.4012351429564,514.6444091796875,36606100,0.0
2025-04-08,541.5604660254379,545.7274587202911,501.2960662909104,508.8624877929688,28034200,0.0
2025-04-09,507.6861840842117,586.0617052580021,500.5484476857142,583.9483032226562,39216600,0.0
2025-04-10,573.7001386064724,579.4920662876316,533.635132502997,544.5909423828125,28173500,0.0
2025-04-11,533.8445854574395,545.6976224228102,526.9461235413648,541.8795166015625,17642300,0.0
2025-04-14,554.4402405149555,556.0353008675298,526.6370273527008,529.8270263671875,14130900,0.0
2025-04-15,530.4551641641592,536.2670503486098,515.890614744966,519.8981323242188,15558700,0.0
2025-04-16,506.92850187672303,511.7733722747432,494.0885548667942,500.7477722167969,18735100,0.0
2025-04-17,503.67864377215466,505.72225598652767,496.4611703190648,499.9203796386719,14593500,0.0
2025-04-21,489.80188733411177,491.9651517419281,478.3077483289628,483.1526489257813,16166000,0.0
2025-04-22,490.3402426542842,505.30357016721007,484.84736943102456,498.7240905761719,17399400,0.0
2025-04-23,526.8862986388891,533.6751170758674,514.9136400551463,518.6519775390625,18173900,0.0
2025-04-24,517.1167453309313,532.2396108812093,515.8905900656315,531.491943359375,13910000,0.0
2025-04-25,545.09942323875,548.1499041120835,534.5822462279478,545.5679931640625,17098900,0.0
2025-04-28,553.9119485027396,556.7530605327843,538.9087668679174,548.0302734375,15179000,0.0
2025-04-29,544.3019441443117,554.8390788259818,542.427786062415,552.7156982421875,11835000,0.0
2025-04-30,536.725533164549,547.392206153298,527.8531889368276,547.2925415039062,29244000,0.0
2025-05-01,590.238618351305,591.1059077397648,568.7257162038675,570.430419921875,31159000,-0.977727
2025-05-02,581.6454434907807,602.460510920923,576.5313930797772,595.1632690429688,24739300,0.18752833333333332
2025-05-05,589.3812975732367,601.3340602087777,586.2211731974465,597.4063110351562,13887700,0.0
2025-05-06,590.687195299098,594.1763099115676,584.7556882888333,585.4833984375,10600700,0.0
2025-05-07,588.5239054125428,601.2043765510581,584.8453792561588,594.953857421875,13139100,0.0
2025-05-08,604.4044252029665,609.3988539126512,594.7645157959997,596.1502075195312,14622800,0.0
2025-05-09,601.8423317625629,605.0822238866388,589.8697353618245,590.6472778320312,10427300,0.0
2025-05-12,628.9578018482097,638.3983814888618,619.0986063028438,637.4413452148438,21965100,0.0
2025-05-13,643.5322593011751,658.864430238976,640.8307267174667,653.9896850585938,18570800,0.0
2025-05-14,659.1536090398383,660.6090293889421,652.2750442210183,657.309326171875,12348200,0.0
2025-05-15,652.2452442251054,655.2657894050994,636.5940584364806,641.8775634765625,14341800,0.0
2025-05-16,635.9759078924747,638.448175394899,624.2026405076157,638.3485107421875,18519000,0.0
2025-05-19,626.2961199602966,641.0002469311114,625.8475073073743,638.438232421875,9592400,0.0
2025-05-20,634.0320152877193,637.3615937967512,630.2936778074568,635.1185913085938,6743500,0.0
2025-05-21,629.8250152939927,644.5989301458505,628.2100586075245,633.5234985351562,11464600,0.0
2025-05-22,632.0780887398586,641.2494888568199,628.7485102321639,634.5902709960938,8228400,0.0
2025-05-23,622.0592607315479,630.4829920563529,620.7134837844421,625.1097412109375,8454100,0.0
2025-05-27,633.4337230122361,641.0799116106036,630.7820229079481,640.322265625,9508400,0.0
2025-05-28,640.6014976239653,648.8557761323202,640.5516652924133,641.5784912109375,9042900,0.0
2025-05-29,649.6233331448041,651.2881222551338,637.5110964196524,643.0438232421875,8858800,0.0
2025-05-30,640.5017256955665,647.3902077556168,630.8119856036413,645.4761962890625,16241000,0.486594
2025-06-02,642.3859148545713,671.166122188044,642.256314296396,668.8134765625,15766300,0.3493775
2025-06-03,669.3617924489035,673.4789529536675,662.9617757833167,664.7760620117188,11585000,0.0
2025-06-04,667.238420321753,686.8572081679845,666.4907528237472,685.8104858398438,14031900,0.0
2025-06-05,689.5088669424362,692.2204392102127,680.1281594087234,682.4907836914062,13083100,0.0
2025-06-06,694.0048506531133,700.6242144400436,689.7182360915449,695.5401000976562,11728000,0.0
2025-06-09,696.2877682898165,702.9968181048444,691.7818062976731,691.9014282226562,12773200,0.0
2025-06-10,699.1687320280228,701.0428899746662,689.4092014623567,700.2155151367188,10850100,0.0
2025-06-11,701.5214452489874,706.6653705943312,689.8378634515371,691.981201171875,9582500,0.0
2025-06-12,691.1438023170118,693.2173504861605,684.8634076906623,691.20361328125,7322700,0.0
2025-06-13,685.8103721689653,692.4097779899056,678.8919543003105,680.7461547851562,9274400,0.0
2025-06-16,697.6914734952734,705.4931583928874,691.8851025594383,700.4749145507812,13720300,0.0
2025-06-17,700.3552179138009,704.3158869977019,694.4291328649981,695.5963745117188,10066100,0.0
2025-06-18,696.5440968778995,699.9461410540869,693.2718138640435,694.1397705078125,10068300,0.0
2025-06-20,699.10807093925,700.1755711266569,677.0797895921414,680.7511596679688,22538600,0.0
2025-06-23,682.0881746874048,697.4121728945754,677.1597462532054,696.8934326171875,11080100,0.0
2025-06-24,703.2384409706419,711.5189816994163,700.4649253469852,710.5313110351562,13823200,0.0
2025-06-25,711.6486741856498,714.9010456370576,703.7272754411318,707.01953125,9320400,0.0
2025-06-26,712.6862359929024,726.5137473228667,709.3839937767193,724.3887939453125,13964800,0.0
2025-06-27,724.8177454897765,733.7068421056694,724.1592578043636,731.9110717773438,18775700,0.0
2025-06-30,742.8054817668852,746.1476691378697,732.5296271967599,736.3606567382812,15402100,0.0
2025-07-01,735.1535081071979,736.0214648412638,713.6938959127618,717.5348510742188,13431200,0.6876974285714285
2025-07-02,713.6540184351263,718.6123446328994,711.1299169276585,711.8981323242188,9336700,0.936295
2025-07-03,724.9075473573512,727.3219211703462,712.7461059372963,717.3253784179688,8601700,0.6019073333333333
2025-07-07,715.9186273791692,725.29662738586,711.8382444141125,716.6668701171875,9457100,0.0
2025-07-08,719.8792998482032,721.2161260005597,713.1351294314046,718.9813842773438,7770700,0.0
2025-07-09,721.0266828828768,735.8020424329438,721.0266828828768,731.0631713867188,11418000,0.0
2025-07-10,729.8359710403425,734.0760133186282,717.9139576323801,725.5360717773438,9913600,0.0
2025-07-11,720.8071559255932,723.4608966552098,708.0371589748221,715.828857421875,10873900,0.0
2025-07-14,715.9186673172987,726.294324886829,714.8711396040657,719.2308959960938,8939400,0.0
2025-07-15,722.2038798413794,722.7724907094275,708.1568531421487,708.7255249023438,11529500,0.0
2025-07-16,711.6985138171127,712.2970836136572,697.6315755690009,701.2630004882812,13067600,0.0
2025-07-17,702.7395996705828,704.2460714207873,695.4766277838654,699.7665405273438,11803300,0.0
2025-07-18,700.5447529444856,703.0588680042227,690.0294703606638,702.6298828125,12779800,0.0
2025-07-21,705.1439122135475,715.3200251684316,704.1063709182977,711.2994384765625,9404400,0.0
2025-07-22,714.5119719450398,714.9209845240272,699.7665722015134,703.1586303710938,8921100,0.0
2025-07-23,704.7150127643985,712.955669824656,703.2783841619789,711.9081420898438,8771600,0.0
2025-07-24,715.3699112663372,721.9245248031309,712.3270697155897,713.1251831054688,10920800,0.0
2025-07-25,715.2401874661052,718.9614892126135,710.2319910963464,711.0101318359375,8271700,0.0
2025-07-28,713.5243091595448,723.0419351595109,711.0101939967738,715.9486083984375,8715700,0.0
2025-07-29,718.3130022321428,722.7724995594365,698.270047363426,698.35986328125,13267000,0.0
2025-07-30,706.4309422136296,706.8399547738821,689.5805015781577,693.5811157226562,27077300,0.0
2025-07-31,773.3836936232736,782.9113054874113,763.7163951695271,771.6278076171875,38831100,0.0
2025-08-01,758.9476005405788,764.2052724882252,743.5637464392476,748.2527465820312,19028700,0.031139333333333335
2025-08-04,758.2193240496142,775.029820232538,756.6330226185955,774.5509643554688,15801700,0.0
2025-08-05,774.6307577641016,781.2950989411861,761.212259491104,761.6712036132812,11640300,0.0
2025-08-06,768.1958857027562,771.827371776558,758.6782598971715,770.1812133789062,9733900,0.0
2025-08-07,771.6776357205837,773.1841074016191,757.7702959207965,760.0449829101562,9019700,0.0
2025-08-08,760.9628565603988,768.0961282780016,756.8026440305783,767.4974975585938,7320800,0.0
2025-08-11,768.2757194135389,771.6478049440495,762.8783609453131,764.0755615234375,7612000,0.0
2025-08-12,771.1888187456735,791.8103707559926,770.6201469797736,788.1489868164062,14563100,0.0
2025-08-13,789.2963900548351,793.5962894533881,776.4066172801486,778.2523193359375,8811800,0.0
2025-08-14,776.0573823379099,785.9641084064921,770.6999694623344,780.2974243164062,8116200,0.0
2025-08-15,782.3127720209482,794.3843975355859,778.9905571139482,783.3901977539062,13375400,0.0
2025-08-18,773.2739649293972,773.9922487170201,754.7873521125813,765.572021484375,16513700,0.0
2025-08-19,765.3226078635242,765.3724785334582,747.604210382002,749.71923828125,12286700,0.0
2025-08-20,745.8184055724877,748.4422481947564,729.2872227778392,745.968017578125,11898200,0.0
2025-08-21,742.965126847803,743.7532539146816,731.392269728463,737.3682250976562,8876300,0.0
2025-08-22,737.4979443181139,755.1265868650723,732.6693186706706,753.021484375,10612700,0.0
2025-08-25,753.0514312038815,757.1019160115399,748.3724176422635,751.5349731445312,6861200,0.0
2025-08-26,749.0408739151204,753.1013452690629,746.187589469264,752.3331298828125,7601800,0.0
2025-08-27,750.5373617239242,752.3830637406979,741.0995653139147,745.62890625,8315400,0.0
2025-08-28,742.2568318080029,751.2856157691724,739.0643171271723,749.3501586914062,7468000,0.0
2025-08-29,743.5338383928589,745.3894657992533,733.6270507950396,736.96923828125,9070500,0.0
2025-09-02,724.3388778368966,734.2755636355303,720.0389785344453,733.3876342773438,9350900,0.064339
2025-09-03,734.2755923879996,738.5156348712184,732.2702919649562,735.3231201171875,7699300,0.0
2025-09-04,746.8161054490425,759.3765729399474,744.0725487076684,746.8959350585938,11439100,0.0
2025-09-05,750.8565963566639,756.1741251448537,743.2844139282448,750.68701171875,9663400,0.0
2025-09-08,754.2286352813065,764.71401930554,750.2579802053917,750.5372924804688,13087800,0.0
2025-09-09,755.715159278882,764.5045146420852,751.6646744655906,763.9059448242188,10999000,0.0
2025-09-10,763.3372922969834,763.9059640843684,749.2403942554,750.2180786132812,12478300,0.0
2025-09-11,752.8818998869256,755.3261108896929,746.6165845282627,749.1406860351562,7923300,0.0
2025-09-12,746.9756681630587,755.7949823874058,742.0173423532742,753.8196411132812,8248600,0.0
2025-09-15,755.6952236302711,772.2563664766384,750.2280827190908,762.9083251953125,10533800,0.0
2025-09-16,765.2029206615051,779.5292605984961,763.3073480005289,777.1748046875,11782500,0.0
2025-09-17,778.16248073438,781.4547366857648,764.5145401578408,773.9024658203125,9400900,0.0
2025-09-18,778.9206424262118,786.9318567440129,771.5479431530769,778.4218139648438,10955000,0.0
2025-09-19,784.5774149162842,788.9471575257752,767.3878039844694,776.5562744140625,23696800,0.0
2025-09-22,780.5445827585347,784.4181095052566,763.1935958899483,763.8824462890625,11706900,0.0
2025-09-23,767.9656453445465,769.3133669851754,749.8160063356215,754.1387939453125,10872600,0.0
2025-09-24,756.2352564498105,759.8392144671293,751.2735837511626,759.3899536132812,8828200,0.0
2025-09-25,752.1920046258563,755.5064686568031,743.3068402529434,747.6595458984375,10591100,0.0
2025-09-26,748.7477432379202,750.6745134518627,736.1188402620083,742.5081787109375,9696300,0.0
2025-09-29,747.4698773667765,749.5264964028529,737.9159094495395,742.1588134765625,9246800,0.0
2025-09-30,741.0106631587118,741.729431724798,725.0872827303901,733.15380859375,16226800,0.0
2025-10-01,720.2853684573676,720.6447527663656,709.0142405229949,716.142333984375,20419600,-0.13207750000000001
2025-10-02,721.3735522103992,726.5548890984803,716.9409630753169,725.8360595703125,11415300,0.0
2025-10-03,728.4117628788885,729.7794705550638,708.9942257916973,709.3735961914062,16154300,0.0
2025-10-06,704.0125981338592,715.6830826309072,689.3571155710283,714.465087890625,21654700,0.0
2025-10-07,716.5216106896504,717.3003375901077,704.5716259627259,711.889404296875,12062900,0.0
2025-10-08,712.2587946669486,718.4484549738279,706.6281969142439,716.6414794921875,10790600,0.0
2025-10-09,717.0807271377935,732.2852783203125,711.2504512938121,732.2852783203125,12717200,0.0
2025-10-10,729.6995938834806,734.0423674154782,703.333716456913,704.1223754882812,16980100,0.0
2025-10-13,711.8194939498104,718.7379155876384,706.4584651360833,714.5050048828125,9251800,0.0
2025-10-14,706.5983153422467,714.3553010671379,698.1624113283383,707.4668579101562,8829800,0.0
2025-10-15,715.8627565899488,722.6913629779451,708.3253746524584,716.3519287109375,10246800,0.0
2025-10-16,716.3519343648386,724.2786798244232,702.7047754671785,710.881103515625,9017000,0.0
2025-10-17,705.8994251244851,717.3402516818879,704.9410060739878,715.7229614257812,12232400,0.0
2025-10-20,719.9858621042338,732.5448748734839,718.9775387090459,730.947509765625,8900200,0.0
2025-10-21,734.7911237948646,737.2669635645257,727.5332426508437,732.0457153320312,7647300,0.0
2025-10-22,732.6047674176828,739.3634223567747,722.8211423130082,732.1854248046875,8734500,0.0
2025-10-23,733.4733185275871,741.170406509876,731.8759534115667,732.7744750976562,9856000,0.0
2025-10-24,735.5597503675807,739.9724141089259,729.9292138570585,737.1271362304688,9151300,0.0
2025-10-27,748.4781993498117,754.4881675999588,746.7611003830549,749.56640625,11321100,0.0
2025-10-28,751.3733793283152,757.1337649704751,744.2752651341964,750.1853637695312,12193800,0.0
2025-10-29,753.4898526523095,757.8924628078227,741.2702985772319,750.4149780273438,26818600,0.0
2025-10-30,668.0327566076506,679.8230352249238,649.0844057389726,665.357177734375,88440100,0.0
2025-10-31,673.383812052831,673.7631824593219,644.4921293755289,647.2674560546875,56953200,0.51651
2025-11-03,654.90470367213,658.2291607688485,635.1177890022415,636.645263671875,33003600,-0.0350165
2025-11-04,626.9913515895119,640.6684891460408,624.9647727272926,626.2725830078125,27356600,0.0
2025-11-05,631.2542465797685,641.1576663615418,625.4938610947797,634.88818359375,20219900,0.0
2025-11-06,634.7882936522686,634.938067569805,616.9681222612256,617.9065551757812,23628800,0.0
2025-11-07,615.4606203242017,621.0912176885568,600.1961723842201,620.6719360351562,29946800,0.0
2025-11-10,630.0362749426478,633.9397194755629,617.0779066438014,630.7051391601562,19245000,0.0
2025-11-11,626.9514668906089,628.5088598168925,618.3558571038752,626.0330200195312,13302200,0.0
2025-11-12,627.0812350986922,627.939784558569,606.7552442025384,607.9931640625,24493300,0.0
2025-11-13,612.0463872625083,616.6187572691151,601.993193452889,608.8717041015625,20973800,0.0
2025-11-14,600.7852061056304,612.6553687237855,594.2062431482154,608.4424438476562,20724100,0.0
2025-11-17,608.0230519623859,610.6686515784111,594.4058732487083,601.0048217773438,16501300,0.0
2025-11-18,590.612218909938,602.6520806612418,582.8053290854997,596.6920776367188,25500600,0.0
2025-11-19,592.7286370493186,594.3359951431619,580.2794874440681,589.3343505859375,24744700,0.0
2025-11-20,602.4923987587222,605.7069934113463,582.376016746667,588.1663818359375,20603000,0.0
2025-11-21,587.517412968027,597.1213460929463,580.88848479756,593.2578125,21052600,0.0
2025-11-24,597.7203367937327,615.6703584886146,596.6321908004635,612.0264282226562,23554900,0.0
2025-11-25,622.9581470454041,635.9863461070595,617.2676517847817,635.15771484375,25213000,0.0
2025-11-26,636.6253292062765,637.2941935276676,630.575449286631,632.5521240234375,15209500,0.0
2025-11-28,635.0179876534709,646.9679727244463,634.4389389877349,646.8681640625,11033200,0.0
2025-12-01,638.482184375183,644.2425701847634,636.6951949252638,639.7999877929688,13029900,0.0
2025-12-02,641.2675300698932,646.7882651016448,637.0046400682228,646.01953125,11640900,0.22971799999999998
2025-12-03,643.3340713166507,647.766660764867,636.4855393427306,638.5321044921875,11134300,0.199209
2025-12-04,674.8712863431018,674.9710950003275,658.9479057878542,660.4254760742188,29874600,0.0
2025-12-05,662.8913386215002,673.5634922785046,661.2840414153883,672.2955932617188,21207900,0.0
2025-12-08,668.2224435191038,675.5801331063639,663.9595535520253,665.6866455078125,13161000,0.0
2025-12-09,662.6617250742562,663.3705005924867,652.2491473204041,655.8630981445312,12997100,0.0
2025-12-10,648.8648024836247,653.4171862971667,642.3257510862366,649.0444946289062,16910900,0.0
2025-12-11,642.2159232785478,654.1859556266841,639.7300904007725,651.6202392578125,13056700,0.0
2025-12-12,648.7150654102267,709.8128965395189,637.543746077992,643.1543579101562,14016900,0.0
2025-12-15,645.1476664750544,652.4414097008485,638.1536544261938,646.9561157226562,15549100,0.0
2025-12-16,642.9495426008936,661.973233609148,642.6498114209788,656.587890625,14309100,0.0
2025-12-17,655.0491556477624,660.664343241777,648.644665798819,648.9443969726562,15598500,0.0
2025-12-18,656.4679564970005,669.9863502083882,655.8984367998282,663.881591796875,20260300,0.0
2025-12-19,665.8499012351181,670.4260003995075,657.6169598101359,658.2064819335938,49977100,0.0
2025-12-22,661.0840391473547,673.0038267300547,656.0883162216827,660.9341430664062,15659400,0.0
2025-12-23,659.4853234816244,665.4302455294139,657.6868755551602,664.3711547851562,8486800,0.0
2025-12-24,661.9632786179176,667.6084088263418,661.633543835896,666.9789428710938,5627500,0.0
2025-12-26,667.4885344385556,668.3777877623371,660.7543096382171,662.7225952148438,7133800,0.0
2025-12-29,657.4471149030659,659.6851889371151,653.8302165118,658.1265258789062,8506500,0.0
2025-12-30,658.1265110341435,671.6449047754843,657.2772625792347,665.3803100585938,9187500,0.0
