Date,Open,High,Low,Close,Volume,avg_polarity,max_polarity,min_polarity,sum_polarity,count_mentions,avg_intensity,avg_credibility,avg_relevance
2023-01-03,64.17,65.85,63.92,65.85,1496887,0.128328,0.128328,0.128328,0.128328,1.0,0.128328,0.785898,0.035398
2023-01-04,66.02,66.52,65.94,66.52,1090697,0.3507655,0.720844,-0.019313,0.701531,2.0,0.28157800000000005,0.783706,0.372674
2023-01-05,66.52,68.29,66.27,68.12,2471156,0.0,0.0,0.0,0.0,0.0,0.0,0.0,0.0
2023-01-06,67.95,68.12,66.78,66.94,1270661,-0.06397299999999999,0.915181,-0.953666,-0.31986499999999995,5.0,-0.07673999999999996,0.855137,0.0228538
2023-01-09,67.03,67.7,66.78,67.7,949900,-0.17610874999999998,0.15538,-0.890145,-0.7044349999999999,4.0,-0.13387625,0.7693544999999999,0.01975075
2023-01-10,67.87,68.37,67.61,67.95,1196828,-0.2883246666666666,0.08193,-0.946904,-0.8649739999999999,3.0,-0.23065966666666662,0.7537383333333333,0.029538
2023-01-11,67.95,68.45,66.61,66.61,1535421,0.688487,0.97531,0.073839,2.753948,4.0,0.5995550000000001,0.8865675,0.01725
2023-01-12,67.03,67.28,66.52,67.11,685545,-0.19316425,0.081712,-0.649572,-0.772657,4.0,-0.19032525,0.7547232500000001,0.015911250000000002
2023-01-13,67.28,68.03,67.19,67.61,1449667,0.02242542857142858,0.846801,-0.980698,0.15697800000000006,7.0,0.021058285714285727,0.8130614285714286,0.025360285714285717
2023-01-16,67.61,67.78,66.61,66.61,655271,-0.253386,0.106609,-0.866767,-0.760158,3.0,-0.20270866666666665,0.7522479999999999,0.020457
2023-01-17,67.28,67.95,66.61,67.87,1672065,0.330281,0.330281,0.330281,0.330281,1.0,0.264225,0.612166,0.013006
2023-01-18,67.87,68.37,67.7,68.2,1299292,0.385065,0.6389,0.13123,0.77013,2.0,0.244162,0.708949,0.032519
2023-01-19,67.78,68.37,67.11,68.2,2628489,0.0,0.0,0.0,0.0,0.0,0.0,0.0,0.0
2023-01-27,68.29,68.7,66.78,67.11,2333482,0.254847,0.79463,-0.145013,0.7645409999999999,3.0,0.26068399999999997,0.7728656666666667,0.021038
2023-01-30,67.11,67.11,66.61,66.61,1614712,0.088554,0.088554,0.088554,0.088554,1.0,0.070844,0.790443,0.018927
2023-01-31,66.44,66.69,64.51,64.68,4819134,0.391793375,0.870687,-0.083557,3.134347,8.0,0.360028375,0.736490125,0.111512125
2023-02-01,65.18,65.27,64.51,64.76,1811677,0.3138226666666667,0.832505,0.0,0.9414680000000001,3.0,0.2583223333333334,0.6544116666666667,0.027383
2023-02-02,64.93,65.01,64.34,64.34,1494960,0.6265068,0.965361,-0.170423,3.132534,5.0,0.5330030000000001,0.803022,0.0309944
2023-02-03,64.59,64.68,63.67,63.76,1857505,-0.24645,0.021156,-0.979189,-0.9858,4.0,-0.24485600000000002,0.86093575,0.018382
2023-02-06,63.67,65.01,63.67,64.93,1911471,0.0,0.0,0.0,0.0,1.0,0.0,0.527807,0.01875
2023-02-07,65.1,65.1,63.84,63.84,1275373,0.0,0.0,0.0,0.0,0.0,0.0,0.0,0.0
2023-02-08,63.92,64.26,63.5,63.59,1551091,-0.185309,0.0,-0.799319,-0.926545,5.0,-0.1482472,0.7769864,0.35546120000000003
2023-02-09,63.59,63.76,62.92,62.92,1594747,0.0,0.0,0.0,0.0,0.0,0.0,0.0,0.0
2023-02-10,62.92,63.67,62.92,63.67,1236884,0.07464849999999999,0.89393,-0.926596,0.29859399999999997,4.0,0.02264900000000002,0.8375779999999999,0.03003025
2023-02-13,63.67,63.67,62.16,63.17,1570936,-0.242224,-0.242224,-0.242224,-0.242224,1.0,-0.121112,0.63101,0.040134
2023-02-14,63.17,63.5,62.41,62.66,1074782,0.066211,0.066211,0.066211,0.066211,1.0,0.052969,0.789119,0.017621
2023-02-15,62.66,63.76,62.41,63.76,1444301,0.5188095,0.874039,0.16358,1.037619,2.0,0.5106305,0.813931,0.017064000000000003
2023-02-16,63.76,64.17,63.42,64.17,692037,0.1090094,0.319141,0.0,0.5450470000000001,5.0,0.090333,0.6892792,0.2020262
2023-02-17,63.84,64.09,63.17,63.76,777880,0.085159,0.255477,0.0,0.255477,3.0,0.06812733333333333,0.6011896666666666,0.045904
2023-02-20,63.76,65.01,63.34,65.01,1386188,0.529565,0.917396,0.141734,1.05913,2.0,0.515392,0.8435865,0.0387175
2023-02-21,65.01,65.1,64.34,64.76,889193,-0.24164942857142857,0.0969,-0.973989,-1.691546,7.0,-0.24427014285714285,0.8157781428571429,0.021889
2023-02-22,64.01,64.34,63.34,63.34,1296443,-0.6083513333333334,-0.009156,-0.961999,-1.8250540000000002,3.0,-0.5762846666666667,0.8977386666666667,0.021621666666666668
2023-02-23,63.34,64.51,62.41,63.5,2328809,-0.02385033333333333,0.003475,-0.075026,-0.07155099999999999,3.0,-0.018964666666666668,0.6996913333333333,0.022410666666666666
2023-02-24,63.5,63.76,62.5,62.66,1681692,-0.009981500000000032,0.728888,-0.748851,-0.019963000000000064,2.0,-0.00798449999999995,0.7601469999999999,0.041888999999999996
2023-02-27,62.66,63.67,62.08,63.08,1113616,-0.4475015,0.103056,-0.955391,-1.790006,4.0,-0.45007775,0.86090125,0.022804249999999998
2023-02-28,63.34,63.67,63.0,63.34,1035315,0.08247550000000001,0.084971,0.07998,0.16495100000000001,2.0,0.0659805,0.822956,0.387353
2023-03-01,63.0,64.59,62.92,64.51,1636044,0.1376426,0.280604,0.026773,0.688213,5.0,0.1140918,0.745263,0.028796
2023-03-02,64.51,64.51,63.84,64.17,1089291,-0.022637,0.305815,-0.811424,-0.181096,8.0,-0.029577625,0.772185125,0.1171095
2023-03-03,62.92,64.43,62.92,63.76,704604,-0.490363,0.0,-0.980726,-0.980726,2.0,-0.490363,0.757493,0.0230835
2023-03-06,63.76,64.26,62.92,62.92,892543,0.173748,0.182404,0.165092,0.347496,2.0,0.1555075,0.74796,0.0150495
2023-03-07,63.67,63.92,63.34,63.59,1171596,-0.674381,-0.674381,-0.674381,-0.674381,1.0,-0.539505,0.703272,0.007282
2023-03-08,63.08,64.17,62.92,64.17,1245092,0.42957660000000003,0.989027,-0.901372,2.147883,5.0,0.46216660000000004,0.9433490000000001,0.011677
2023-03-09,63.92,64.68,63.92,64.17,1390428,0.31804224999999997,0.86226,0.0,1.2721689999999999,4.0,0.2544335,0.704242,0.232037
2023-03-10,64.17,64.76,63.84,64.51,1428506,-0.06669833333333335,0.221764,-0.983871,-0.4001900000000001,6.0,-0.045300666666666684,0.8183980000000001,0.27153866666666665
2023-03-13,64.43,64.68,64.26,64.51,1825388,0.20039525,0.833225,-0.054588,0.801581,4.0,0.15929675,0.7983165000000001,0.20644975
2023-03-14,64.01,64.51,63.42,64.26,1735682,-0.293166,0.196085,-0.980455,-1.46583,5.0,-0.2891722,0.8487336000000001,0.161238
2023-03-15,64.26,64.85,64.17,64.68,1960620,0.39818233333333336,0.894636,0.0,1.194547,3.0,0.318546,0.7115576666666668,0.3156503333333333
2023-03-16,64.59,64.68,63.67,64.09,1530353,-0.6169283333333334,0.021137,-0.952706,-1.8507850000000001,3.0,-0.6183373333333334,0.916977,0.2619376666666667
2023-03-17,64.09,64.09,62.5,62.5,2433870,0.0656575,0.856445,-0.947501,0.39394499999999993,6.0,0.06497199999999999,0.771347,0.026917833333333335
2023-03-20,62.92,62.92,62.16,62.33,1610450,-0.078054,-0.078054,-0.078054,-0.078054,1.0,-0.070249,0.773162,0.023622
2023-03-21,62.41,63.0,62.25,62.41,1351452,0.09562475000000001,0.308576,0.0,0.38249900000000003,4.0,0.07649974999999999,0.73507225,0.22440374999999999
2023-03-22,62.58,62.66,62.41,62.41,901008,0.278036,0.278036,0.278036,0.278036,1.0,0.222428,0.663894,0.017964
2023-03-23,62.33,63.17,62.08,63.17,1285502,-0.010344714285714287,0.775643,-0.95693,-0.072413,7.0,-0.010839428571428566,0.7510507142857143,0.027182142857142856
2023-03-24,62.92,63.34,62.75,62.92,932820,0.0,0.0,0.0,0.0,0.0,0.0,0.0,0.0
2023-03-27,62.92,62.92,62.33,62.58,1371841,0.11213075,0.961293,-0.610466,0.448523,4.0,0.13776924999999998,0.78641225,0.0442635
2023-03-28,62.5,63.17,62.41,62.41,1650696,0.043779000000000005,0.131337,0.0,0.131337,3.0,0.043779000000000005,0.6520803333333333,0.032472999999999995
2023-03-29,62.66,62.83,62.41,62.83,907785,0.143259,0.143259,0.143259,0.143259,1.0,0.114607,0.757809,0.0
2023-03-30,62.66,63.25,62.58,62.92,839461,0.30734325,0.941699,0.0,1.229373,4.0,0.24558125,0.75101425,0.23086375000000003
2023-03-31,62.92,63.25,62.41,62.41,1076689,0.68192425,0.951645,0.12082,2.727697,4.0,0.58149025,0.84862125,0.0169995
2023-04-03,62.58,62.83,62.25,62.41,851274,0.825142,0.825142,0.825142,0.825142,1.0,0.660114,0.845652,0.01849
2023-04-04,62.41,62.5,62.25,62.25,1819637,0.051237,0.051237,0.051237,0.051237,1.0,0.025619,0.884217,0.126888
2023-04-05,62.25,62.75,62.16,62.5,964016,0.972647,0.972647,0.972647,0.972647,1.0,0.778118,0.977654,0.008627
2023-04-06,62.41,62.58,62.33,62.33,906247,0.2274965,0.317311,0.137682,0.454993,2.0,0.181997,0.696411,0.0309505
2023-04-07,62.41,62.66,62.33,62.66,795228,0.037525,0.037525,0.037525,0.037525,1.0,0.026268,0.84626,0.034156
2023-04-10,62.66,62.66,62.41,62.41,833066,-0.3468685,0.023134,-0.716871,-0.693737,2.0,-0.349182,0.791482,0.023312
2023-04-11,62.33,62.5,62.16,62.41,783565,-0.229546,0.113955,-0.885714,-0.688638,3.0,-0.24268433333333336,0.8351493333333333,0.01825766666666667
2023-04-12,62.41,62.41,62.08,62.33,979996,0.15018399999999998,0.278242,0.022126,0.30036799999999997,2.0,0.106235,0.751479,0.0261785
2023-04-13,62.33,62.41,61.66,61.66,891570,-0.8891465000000001,-0.80344,-0.974853,-1.7782930000000001,2.0,-0.7113175,0.9034375,0.0122325
2023-04-14,61.74,61.83,61.07,61.07,1294816,-0.26766799999999996,-0.059507,-0.56685,-0.8030039999999999,3.0,-0.263701,0.6794600000000001,0.015015333333333334
2023-04-17,61.07,61.15,60.15,60.15,1366872,-0.014968,0.0,-0.039485,-0.044904,3.0,-0.011974333333333332,0.7412559999999999,0.02996233333333333
2023-04-18,60.23,61.24,60.23,61.24,932467,0.5421923333333333,0.822081,0.050584,1.626577,3.0,0.49193166666666666,0.817646,0.016993666666666667
2023-04-19,61.32,61.32,60.4,60.4,817480,-0.082374,-0.082374,-0.082374,-0.082374,1.0,-0.065899,0.715597,0.013605
2023-04-20,60.48,60.9,60.23,60.32,822994,0.0,0.0,0.0,0.0,0.0,0.0,0.0,0.0
2023-04-21,60.4,60.4,59.39,59.48,1109508,-0.3979905,0.077853,-0.873834,-0.795981,2.0,-0.36208450000000003,0.856238,0.031069
2023-04-24,59.56,59.64,58.89,59.14,1135168,-0.043899749999999994,0.098687,-0.177913,-0.17559899999999998,4.0,-0.04703249999999999,0.7777185,0.026879
2023-04-25,59.14,59.9,58.55,58.64,1371733,0.045892,0.055124,0.03666,0.091784,2.0,0.0348805,0.8649765,0.4108565
2023-04-26,58.72,59.56,58.72,59.56,942125,0.741032,0.741032,0.741032,0.741032,1.0,0.592826,0.773017,0.02521
2023-04-27,59.56,59.56,58.3,58.3,1370570,0.033882333333333334,0.125302,-0.015697,0.101647,3.0,0.027106,0.829921,0.016470000000000002
2023-04-28,58.55,58.89,58.47,58.72,1117094,0.0,0.0,0.0,0.0,0.0,0.0,0.0,0.0
2023-05-04,58.72,58.72,57.38,57.55,2659616,-0.4656255,0.045451,-0.962371,-1.862502,4.0,-0.3725005,0.8171597500000001,0.0381035
2023-05-05,57.55,58.05,57.55,57.72,712871,-0.1364002,0.092344,-0.638948,-0.682001,5.0,-0.1164658,0.769352,0.0334248
2023-05-08,57.88,59.06,57.88,59.06,1228760,0.14270225,0.252885,0.0,0.570809,4.0,0.10783975000000001,0.6993505,0.03035475
2023-05-09,59.39,59.56,59.14,59.31,872498,0.010868666666666667,0.032606,0.0,0.032606,3.0,0.008695,0.6588343333333333,0.034257
2023-05-10,59.39,59.64,59.14,59.14,952494,0.0,0.0,0.0,0.0,0.0,0.0,0.0,0.0
2023-05-11,59.14,59.48,58.72,58.72,447884,0.0,0.0,0.0,0.0,0.0,0.0,0.0,0.0
2023-05-12,59.06,59.06,58.3,58.39,1214899,0.9306635000000001,0.932034,0.929293,1.8613270000000002,2.0,0.7445314999999999,0.9379695,0.3709725
2023-05-15,58.64,58.64,57.88,57.88,1539719,0.472269,0.944538,0.0,0.944538,2.0,0.3778155,0.750193,0.0080105
2023-05-16,57.88,58.47,57.88,58.47,1381060,0.048497,0.189725,-0.063871,0.193988,4.0,0.0370945,0.7227025,0.02738475
2023-05-17,58.47,58.47,57.72,57.88,1869705,0.030931999999999998,0.177901,-0.134116,0.12372799999999999,4.0,0.0247455,0.71499225,0.20351675
2023-05-18,57.88,58.72,57.46,58.05,2498777,-0.17299,0.179583,-0.853624,-0.51897,3.0,-0.1383916666666667,0.7274383333333333,0.03254133333333333
2023-05-19,58.22,58.3,57.55,57.55,1204484,-0.122711,0.793287,-0.764548,-0.490844,4.0,-0.1651685,0.7656815,0.0162485
2023-05-22,57.63,57.88,57.21,57.21,1699621,-0.11769999999999999,0.117026,-0.675418,-0.47079999999999994,4.0,-0.07142325000000001,0.7061189999999999,0.0213395
2023-05-23,57.04,57.38,56.21,56.21,2940962,-0.0888755,0.049684,-0.227435,-0.177751,2.0,-0.0711005,0.762202,0.3974785
2023-05-24,56.29,56.54,55.45,55.62,2354186,-0.41274575,0.181709,-0.935213,-1.650983,4.0,-0.37695724999999997,0.8246445,0.030700250000000002
2023-05-25,55.53,56.62,55.37,56.29,1306722,0.0,0.0,0.0,0.0,2.0,0.0,0.5177195,0.0089155
2023-05-26,56.54,57.04,56.29,56.29,906227,-0.4563455,0.028161,-0.940852,-0.912691,2.0,-0.36226,0.9113629999999999,0.017873
2023-05-29,56.46,56.79,56.29,56.29,1044750,0.001400666666666667,0.018248,-0.014046,0.004202000000000001,3.0,0.002525,0.740574,0.037193666666666673
2023-05-30,56.29,56.54,55.79,55.79,1772267,0.02626385714285714,0.144001,-0.218268,0.18384699999999998,7.0,0.019190428571428574,0.7801048571428572,0.13693585714285714
2023-05-31,56.04,56.04,55.45,55.45,1468744,-0.35808300000000004,-0.028383,-0.687783,-0.7161660000000001,2.0,-0.2520775,0.773342,0.045017
2023-06-01,55.45,55.79,55.37,55.45,1217050,-0.10957140000000001,0.292604,-0.840461,-0.547857,5.0,-0.1388318,0.6309404000000001,0.05285340000000001
2023-06-02,55.53,55.62,54.95,55.28,2972493,0.569006,0.967014,0.039059,3.414036,6.0,0.5147615,0.798527,0.02605
2023-06-05,55.79,56.37,55.53,55.79,3326155,0.175665,0.969247,-0.697215,1.05399,6.0,0.12759866666666667,0.7990036666666667,0.028043000000000002
2023-06-06,56.12,56.12,55.37,55.7,3425841,0.009872,0.019744,0.0,0.019744,2.0,0.0078975,0.682302,0.027669
2023-06-07,55.79,55.95,55.37,55.53,3720457,0.0629975,0.196926,0.0,0.377985,6.0,0.05696216666666667,0.594032,0.04242100000000001
2023-06-08,55.79,55.79,54.95,54.95,5040797,-0.0198975,0.0,-0.039795,-0.039795,2.0,-0.0198975,0.6754535,0.0187415
2023-06-09,55.03,55.79,54.95,55.2,2081714,0.3489786666666666,0.940873,0.0,1.0469359999999999,3.0,0.33837233333333333,0.7586916666666667,0.2720823333333333
2023-06-12,55.37,57.04,55.37,56.96,5452337,0.26649649999999997,0.670612,0.0,1.598979,6.0,0.23238666666666666,0.6500421666666667,0.04315666666666667
2023-06-13,57.13,57.3,56.62,56.71,4946444,0.4628704,0.97732,0.032933,2.314352,5.0,0.38122880000000003,0.8505240000000001,0.022728
2023-06-14,56.79,57.21,56.29,56.29,4911944,0.29625633333333334,0.653682,0.023181,0.888769,3.0,0.21676133333333333,0.7722563333333333,0.031731333333333334
2023-06-15,56.46,56.54,55.53,55.62,4689964,0.2903496666666666,0.911006,-0.210806,2.6131469999999997,9.0,0.24107388888888892,0.7814113333333333,0.2000258888888889
2023-06-16,55.79,55.87,55.37,55.45,5994312,0.2516005,0.893713,0.0,1.006402,4.0,0.2516005,0.7483505,0.026515249999999997
2023-06-19,55.62,55.87,55.03,55.2,3284579,-0.34405600000000003,0.0,-0.772735,-1.3762240000000001,4.0,-0.34405600000000003,0.642239,0.20268524999999998
2023-06-20,55.28,55.28,54.95,54.95,2964627,-0.24850033333333335,0.212414,-0.763325,-0.7455010000000001,3.0,-0.19880033333333333,0.72924,0.26438900000000004
2023-06-21,55.03,55.62,54.95,55.62,3492784,0.4463832,0.937531,0.0,2.231916,5.0,0.38643340000000004,0.7158732000000001,0.1870878
2023-06-22,55.79,56.46,55.62,56.12,5613113,0.24519533333333332,0.748404,-0.012818,0.735586,3.0,0.24519533333333332,0.7077283333333333,0.015501666666666665
2023-06-23,56.21,58.3,56.21,57.97,11963164,0.36067799999999994,0.732748,0.0,1.8033899999999998,5.0,0.28111699999999995,0.7149858,0.0253606
2023-06-26,58.13,59.31,57.3,59.23,10742723,0.4360767142857143,0.79527,-0.04385,3.052537,7.0,0.412704,0.7548252857142856,0.02312257142857143
2023-06-27,59.39,59.39,58.39,59.14,5982210,-0.052482333333333325,0.250002,-0.980579,-0.31489399999999995,6.0,-0.035996333333333345,0.8107911666666667,0.02346733333333333
2023-06-28,59.14,59.48,58.47,59.23,6157222,-0.16063624999999998,0.162885,-0.89667,-0.6425449999999999,4.0,-0.10153025,0.74372525,0.19541574999999997
2023-06-29,59.23,60.74,58.81,60.32,7702292,-0.3080109999999999,0.946864,-0.956973,-1.5400549999999997,5.0,-0.3076562,0.8570968000000001,0.0244436
2023-06-30,60.32,60.4,59.39,59.56,3646759,0.2081254,0.912277,-0.083952,1.040627,5.0,0.16851580000000002,0.8129308,0.0209184
2023-07-03,59.64,59.9,58.97,59.31,3187816,-0.015300500000000022,0.783426,-0.944184,-0.06120200000000009,4.0,-0.035845000000000016,0.78619825,0.02459025
2023-07-04,59.14,59.73,58.81,59.23,4783357,-0.068618,0.025676,-0.162912,-0.137236,2.0,-0.0630405,0.732402,0.030183500000000002
2023-07-05,59.39,59.39,58.39,58.55,6661035,0.3468616,0.937717,0.0,1.734308,5.0,0.2774894,0.7032506,0.0444794
2023-07-06,58.64,59.31,58.55,59.14,7632376,-0.390567375,0.669643,-0.968147,-3.124539,8.0,-0.329802625,0.784660125,0.011869375
2023-07-07,59.31,59.73,59.06,59.48,5782449,-0.07925674999999999,0.954607,-0.97298,-0.6340539999999999,8.0,-0.10221487499999998,0.8115545,0.11034025
2023-07-10,59.9,60.99,59.73,60.48,6174583,0.51409325,0.910125,-0.20643,2.056373,4.0,0.439929,0.7500165,0.021195750000000003
2023-07-11,60.48,61.57,60.15,61.07,5705271,-0.2946873333333333,0.020124,-0.898856,-0.8840619999999999,3.0,-0.2361053333333333,0.8494343333333333,0.027253
2023-07-12,61.15,61.66,60.9,61.66,4197529,-0.047269,0.0,-0.094538,-0.094538,2.0,-0.0378155,0.6584224999999999,0.4003895
2023-07-13,61.57,61.91,61.15,61.32,3785836,0.408283,0.816566,0.0,0.816566,2.0,0.3266265,0.6922995000000001,0.0193915
2023-07-14,61.41,61.57,60.48,61.49,5211888,0.11162263636363635,0.941988,-0.899156,1.227849,11.0,0.1335060909090909,0.783764,0.08229109090909091
2023-07-17,61.24,61.74,60.57,60.65,3924388,0.310148,0.970617,-0.040173,0.9304439999999999,3.0,0.24544,0.7426556666666667,0.01778266666666667
2023-07-18,60.82,60.9,60.57,60.74,2931448,0.23597716666666668,0.940516,0.040838,1.415863,6.0,0.223369,0.8343008333333334,0.4016330000000001
2023-07-19,60.82,61.24,60.74,60.9,2946641,0.20417875,0.802116,-0.708662,1.63343,8.0,0.214804875,0.68776825,0.20127362499999998
2023-07-20,60.9,61.07,60.65,60.9,2601742,0.021071999999999997,0.048058,0.0,0.063216,3.0,0.017363,0.7447293333333334,0.03835566666666667
2023-07-21,60.9,61.66,60.82,61.66,3343300,0.38706500000000005,0.939187,0.0,2.709455,7.0,0.33017357142857146,0.7459977142857143,0.032743
2023-07-24,61.66,62.08,61.49,61.74,2537340,0.0,0.0,0.0,0.0,0.0,0.0,0.0,0.0
2023-07-25,61.74,62.66,61.32,62.5,4249028,0.14354533333333333,0.239806,0.060115,0.430636,3.0,0.12355033333333332,0.7817630000000001,0.027404333333333333
2023-07-26,62.41,63.08,62.33,62.92,3191917,0.03747250000000002,0.789034,-0.714089,0.07494500000000004,2.0,0.02997850000000002,0.7756965,0.032716
2023-07-27,62.92,63.59,62.75,63.5,4180261,-0.0014982499999999926,0.956165,-0.977595,-0.011985999999999941,8.0,-0.025060500000000013,0.78941775,0.026222375000000003
2023-07-28,63.59,65.18,63.42,64.93,5476424,0.3690063846153846,0.985966,-0.823026,4.797083,13.0,0.33624853846153846,0.7990032307692309,0.07852707692307691
2023-07-31,64.85,65.77,64.76,65.43,3366889,0.211086,0.211086,0.211086,0.211086,1.0,0.168869,0.720952,0.05625
2023-08-01,65.43,65.43,63.76,63.76,5735402,0.27373125,0.791976,0.0,1.094925,4.0,0.259869,0.72403875,0.016696
2023-08-02,63.76,64.17,63.17,63.84,2680830,0.21861150000000004,0.897883,-0.969764,1.3116690000000002,6.0,0.17663366666666666,0.7888006666666666,0.0361825
2023-08-03,64.23,64.23,62.93,62.93,2921459,0.772683,0.772683,0.772683,0.772683,1.0,0.618146,0.80451,0.006593
2023-08-04,62.84,63.28,62.41,63.28,3167057,0.580628,0.580628,0.580628,0.580628,1.0,0.464502,0.617475,0.014475
2023-08-07,63.19,64.92,62.67,64.92,4320043,0.711534,0.981712,0.012783,2.846136,4.0,0.61831275,0.9365,0.210342
2023-08-08,64.75,64.92,64.06,64.58,3433019,0.20901899999999998,0.937093,-0.032309,1.0450949999999999,5.0,0.20901899999999998,0.8482645999999999,0.0215856
2023-08-09,64.58,64.58,63.1,63.36,3707004,-0.4833183333333333,0.036433,-0.932866,-1.4499549999999999,3.0,-0.4857473333333333,0.7897826666666666,0.014647666666666668
2023-08-10,63.36,64.14,63.19,63.36,2734314,-0.07086433333333335,0.80504,-0.956094,-0.21259300000000003,3.0,-0.12453366666666665,0.8297093333333333,0.047676666666666666
2023-08-11,63.36,63.71,62.76,63.71,2182946,0.012513999999999989,0.566112,-0.876579,0.07508399999999993,6.0,0.01535433333333334,0.6647431666666667,0.0219755
2023-08-14,63.62,63.71,62.84,63.62,3068103,-0.018565,0.0,-0.03713,-0.03713,2.0,-0.018565,0.6819965,0.020558
2023-08-15,63.19,63.62,63.02,63.1,2221214,-0.27445766666666666,0.009643,-0.741822,-0.823373,3.0,-0.2009183333333333,0.7738520000000001,0.016646333333333332
2023-08-16,63.1,63.71,62.84,63.36,2085184,0.0,0.0,0.0,0.0,0.0,0.0,0.0,0.0
2023-08-17,63.36,64.58,63.19,63.8,4583142,-0.309422,0.0,-0.960392,-1.237688,4.0,-0.285412,0.738728,0.0157075
2023-08-18,63.71,64.84,62.5,63.54,7109124,-0.5015015,0.0,-0.957934,-2.006006,4.0,-0.47755325000000004,0.81920675,0.2155155
2023-08-21,63.02,63.97,63.02,63.19,3057188,-0.2897996666666666,0.064496,-0.938016,-0.8693989999999999,3.0,-0.2900743333333333,0.8918206666666667,0.013675
2023-08-22,63.45,63.45,61.63,63.02,3077286,-0.4872515,-0.122385,-0.852118,-0.974503,2.0,-0.389801,0.8123855,0.0309395
2023-08-23,62.76,63.8,62.06,63.71,3074249,-0.2803027777777778,0.186556,-0.951916,-2.522725,9.0,-0.2817634444444444,0.8047646666666667,0.03455311111111111
2023-08-24,63.71,64.92,63.28,64.75,4422381,0.41030300000000003,0.928826,-0.10822,0.8206060000000001,2.0,0.421125,0.851775,0.0144825
2023-08-25,65.27,65.27,64.4,64.92,2753310,0.3165732,0.881969,0.0,1.582866,5.0,0.28955980000000003,0.7546028,0.1859836
2023-08-28,65.01,67.7,65.01,67.52,5471972,0.324673,0.94237,-0.090099,1.623365,5.0,0.2904894,0.8312466000000001,0.025659599999999998
2023-08-29,67.18,67.26,66.05,67.09,4202862,0.08783000000000002,0.838346,-0.550943,0.5269800000000001,6.0,0.07026416666666667,0.7291793333333333,0.022671666666666663
2023-08-30,66.74,68.04,66.31,67.44,2662115,-0.19656900000000002,0.105806,-0.695513,-0.5897070000000001,3.0,-0.2036226666666667,0.70634,0.032979
2023-08-31,67.18,68.39,66.83,67.44,3838621,0.53605925,0.950355,-0.036243,2.144237,4.0,0.49035375000000003,0.83259075,0.01846625
2023-09-05,68.04,69.78,67.7,69.43,6845824,0.6132683,0.976927,-0.113515,6.132683,10.0,0.5625507,0.8423237,0.3107414
2023-09-06,69.43,69.43,68.91,69.34,2283065,0.23452975,0.975417,-0.980775,0.938119,4.0,0.187356,0.846004,0.200369
2023-09-07,69.26,69.34,68.13,68.91,3529590,-0.08859885714285713,0.570879,-0.96549,-0.620192,7.0,-0.08800914285714286,0.7102694285714285,0.02223214285714286
2023-09-08,68.65,69.43,68.56,69.34,2776520,0.36747450000000004,0.985052,-0.841973,2.9397960000000003,8.0,0.330429125,0.838094,0.2089995
2023-09-11,69.34,70.3,67.26,68.91,4237647,-0.5365785000000001,-0.096963,-0.980196,-2.1463140000000003,4.0,-0.5317302500000001,0.86957325,0.02025225
2023-09-12,68.48,69.95,67.87,69.6,2670725,0.36895133333333335,0.926062,-0.528975,2.213708,6.0,0.3851905,0.7773876666666667,0.15148433333333333
2023-09-13,69.0,69.6,68.22,68.56,2508754,0.0053162500000000085,0.21807,-0.190042,0.021265000000000034,4.0,0.0053162500000000085,0.6594435000000001,0.0196815
2023-09-14,68.04,69.34,67.96,68.82,2484286,-0.220789,0.533216,-0.974794,-0.441578,2.0,-0.27411050000000003,0.7911954999999999,0.046301999999999996
2023-09-15,68.82,70.38,68.48,68.91,5618032,0.0920612,0.95707,-0.621125,0.460306,5.0,0.11794020000000001,0.8129082000000001,0.0165732
2023-09-18,68.56,69.17,68.22,68.39,1323228,0.07974,0.07974,0.07974,0.07974,1.0,0.055818,0.840992,0.052326
2023-09-19,68.04,68.39,67.09,68.39,2573801,-0.5425002,0.139465,-0.868142,-2.712501,5.0,-0.5013264,0.7554828,0.016925199999999998
2023-09-20,67.96,68.3,67.61,67.87,1843700,0.431294,0.662985,0.199603,0.862588,2.0,0.345035,0.7129285000000001,0.0159555
2023-09-21,67.7,67.87,67.0,67.61,2539608,0.18878500000000004,0.944679,-0.9742,0.7551400000000001,4.0,0.10704425000000001,0.8719675,0.0129775
2023-09-22,66.83,67.87,65.7,67.18,4246836,0.0298796,0.20233,-0.12945,0.149398,5.0,0.021565800000000003,0.7047458,0.016828000000000003
2023-09-25,66.92,68.04,66.48,67.26,2757237,-0.72322175,-0.014279,-0.983539,-2.892887,4.0,-0.72322175,0.9258545,0.01775225
2023-09-26,67.26,67.61,65.88,65.96,2535904,-0.94681,-0.94681,-0.94681,-0.94681,1.0,-0.94681,0.956746,0.010959
2023-09-27,66.14,66.4,64.84,66.4,2274868,0.3786135,0.586615,0.170612,0.757227,2.0,0.27356,0.637919,0.0199915
2023-09-28,65.96,66.22,64.84,64.84,1890909,-0.50643975,0.026019,-0.976468,-2.025759,4.0,-0.40385075000000004,0.8889075,0.0186175
2023-09-29,65.01,66.22,64.32,64.32,1404507,0.6195763333333333,0.943403,0.0,1.8587289999999999,3.0,0.46514999999999995,0.796415,0.01803
2023-10-02,64.32,65.53,64.32,65.53,1160811,0.24392057142857143,0.960051,0.0,1.707444,7.0,0.21146857142857142,0.7622685714285714,0.11614071428571428
2023-10-03,64.66,65.1,64.06,64.14,1995033,0.440773,0.881546,0.0,0.881546,2.0,0.352618,0.6996875,0.024487500000000002
2023-10-04,63.8,64.66,63.62,64.49,1078838,-0.15687959999999998,0.156194,-0.981771,-0.7843979999999999,5.0,-0.1404534,0.7319834000000001,0.02307
2023-10-05,64.23,64.49,63.02,63.02,2574586,-0.19809919999999998,0.114906,-0.942963,-0.9904959999999999,5.0,-0.1941582,0.8430486,0.030773000000000002
2023-10-06,63.02,64.32,62.93,64.32,1228077,0.129645,0.25929,0.0,0.25929,2.0,0.0907515,0.6022955,0.014702
2023-10-09,64.14,64.23,63.8,63.88,832217,0.18018433333333336,0.862576,-0.643375,0.5405530000000001,3.0,0.20165266666666662,0.7252543333333333,0.01897966666666667
2023-10-10,64.4,65.01,64.14,64.49,1025137,-0.7731555,-0.626704,-0.919607,-1.546311,2.0,-0.681195,0.7986580000000001,0.0139025
2023-10-11,64.66,64.84,64.14,64.49,1135163,-0.1327,-0.1327,-0.1327,-0.1327,1.0,-0.10616,0.736625,0.740816
2023-10-12,64.58,65.79,64.58,65.44,2536450,-0.09970140000000001,0.098254,-0.696344,-0.49850700000000003,5.0,-0.0797612,0.7382346,0.029166000000000004
2023-10-13,65.36,66.14,65.01,65.7,1488140,-0.22588149999999999,0.166421,-0.827996,-0.9035259999999999,4.0,-0.18448175,0.6799435,0.0133135
2023-10-16,65.1,65.7,64.75,65.18,1345442,0.24184333333333333,0.72553,0.0,0.72553,3.0,0.24184333333333333,0.601848,0.022700666666666664
2023-10-17,65.27,65.96,64.84,64.84,1423057,0.0,0.0,0.0,0.0,1.0,0.0,0.567413,0.007533
2023-10-18,64.84,64.84,62.76,64.06,2574510,-0.07808849999999999,0.59977,-0.94495,-0.4685309999999999,6.0,-0.09842183333333332,0.6873081666666666,0.016185833333333333
2023-10-19,63.62,63.62,61.46,61.89,3908340,-0.001792428571428564,0.975009,-0.975501,-0.012546999999999947,7.0,-0.024959857142857134,0.8761355714285715,0.032533
2023-10-20,61.8,62.84,60.85,62.67,2373599,-0.047680799999999995,0.894562,-0.945247,-0.23840399999999998,5.0,-0.040172,0.7040076,0.0205012
2023-10-23,62.15,62.41,60.76,60.85,2727972,-0.16995485714285713,0.05056,-0.940795,-1.189684,7.0,-0.13763642857142858,0.7719525714285714,0.026611285714285716
2023-10-24,60.85,61.37,60.76,60.94,1100884,-0.16060949999999996,0.603492,-0.924711,-0.3212189999999999,2.0,-0.1284875,0.7919609999999999,0.0226535
2023-10-25,60.94,61.37,59.81,59.81,2427114,-0.6070266666666667,-0.080128,-0.888956,-1.82108,3.0,-0.550227,0.856939,0.022980333333333335
2023-10-26,59.38,59.46,57.12,58.08,5207092,-0.191965,0.124782,-0.641281,-0.959825,5.0,-0.1969562,0.6562928,0.1927606
2023-10-27,58.34,58.94,57.73,58.94,1812684,-0.975046,-0.975046,-0.975046,-0.975046,1.0,-0.877541,0.980618,0.026432
2023-10-30,58.86,58.94,58.16,58.6,1048393,0.0,0.0,0.0,0.0,1.0,0.0,0.557947,0.025263
2023-10-31,58.86,60.24,58.6,58.94,2185475,-0.1540744,0.044762,-0.815134,-0.7703720000000001,5.0,-0.1540744,0.6676068000000001,0.018323600000000002
2023-11-01,59.81,61.11,58.86,61.02,2338586,0.879849,0.913552,0.846146,1.759698,2.0,0.879849,0.889384,0.0063225
2023-11-02,61.11,61.46,60.5,61.46,2391399,-0.05805933333333335,0.980113,-0.950295,-0.17417800000000006,3.0,-0.0464476666666667,0.8487576666666666,0.291362
2023-11-03,61.46,61.46,60.5,60.68,1694064,0.20580185714285712,0.703581,-0.105242,1.440613,7.0,0.20019257142857144,0.7162644285714286,0.22184428571428572
2023-11-06,60.85,61.98,60.76,61.54,1138171,-0.2322445,0.136618,-0.803437,-0.928978,4.0,-0.18524825,0.7663425,0.034493
2023-11-07,61.11,61.37,60.5,61.37,1475825,-0.37769566666666665,-0.011645,-0.936156,-1.133087,3.0,-0.37769566666666665,0.8164406666666667,0.017967666666666663
2023-11-08,61.37,61.98,60.5,61.89,2340935,0.0,0.0,0.0,0.0,0.0,0.0,0.0,0.0
2023-11-09,62.06,62.5,61.28,61.28,3421983,0.144302,0.144302,0.144302,0.144302,1.0,0.115441,0.707738,0.022989
2023-11-10,61.37,61.37,60.33,60.33,2835087,-0.20370166666666667,0.134857,-0.671567,-0.611105,3.0,-0.158466,0.7582656666666666,0.03220933333333333
2023-11-13,60.42,60.68,59.46,59.55,1733685,-0.942405,-0.942405,-0.942405,-0.942405,1.0,-0.753924,0.952446,0.039604
2023-11-14,59.81,60.16,59.12,59.72,3000746,0.40665100000000004,0.678606,-0.109291,1.219953,3.0,0.413937,0.712233,0.027673666666666666
2023-11-15,60.68,62.24,60.68,61.28,3952659,0.2831147,0.95792,-0.101985,2.831147,10.0,0.26503350000000003,0.7902146,0.0311248
2023-11-16,61.2,61.8,60.59,60.94,2339920,-0.213199,0.172433,-0.81203,-0.639597,3.0,-0.1705593333333333,0.7207496666666667,0.017943
2023-11-17,61.54,61.63,59.98,60.68,2337926,-0.04884833333333333,0.964853,-0.916418,-0.29308999999999996,6.0,-0.06218566666666666,0.8402718333333333,0.1441435
2023-11-20,59.98,60.59,59.81,60.07,1771341,-0.1424288333333333,0.866669,-0.97967,-0.8545729999999999,6.0,-0.1788695,0.8903581666666667,0.1438715
2023-11-21,60.16,60.5,59.72,60.24,2961268,0.679082,0.679082,0.679082,0.679082,1.0,0.543266,0.709188,0.02
2023-11-22,60.24,60.85,59.81,60.16,1303748,-0.3235766666666667,0.0,-0.824325,-0.97073,3.0,-0.25886133333333333,0.687283,0.01262966666666667
2023-11-23,60.5,60.59,59.55,59.55,1624542,0.486997,0.973994,0.0,0.973994,2.0,0.3895975,0.7685355,0.020527
2023-11-24,59.46,59.72,58.6,59.2,3131505,-0.19154966666666665,0.056626,-0.952758,-1.149298,6.0,-0.189939,0.7393394999999999,0.015949666666666668
2023-11-27,59.2,59.29,58.86,59.03,1335046,0.0306745,0.079997,-0.002612,0.122698,4.0,0.02453975,0.77724525,0.040999
2023-11-28,59.03,59.38,58.51,59.38,1777650,-0.06533700000000002,0.674032,-0.870043,-0.19601100000000005,3.0,-0.052270000000000004,0.700981,0.27354033333333333
2023-11-29,59.38,59.64,59.12,59.29,1263921,0.008220000000000005,0.976321,-0.959881,0.01644000000000001,2.0,-0.0894125,0.97475,0.011635
2023-11-30,59.29,59.55,58.42,58.42,2583323,-0.114185,0.948306,-0.961453,-0.799295,7.0,-0.10038914285714284,0.8740752857142857,0.047592
2023-12-01,58.94,59.38,58.68,59.29,1393194,0.008017769230769228,0.950835,-0.96269,0.10423099999999996,13.0,0.0005692307692307749,0.7420426153846154,0.08429453846153846
2023-12-04,59.38,60.24,59.29,59.64,3008642,0.09053833333333333,0.199121,0.0,0.271615,3.0,0.07243066666666666,0.6748016666666666,0.022359333333333332
2023-12-05,59.64,59.81,58.94,59.03,2304277,-0.253417,0.088386,-0.92289,-0.760251,3.0,-0.1977833333333333,0.8042943333333333,0.019289
2023-12-06,59.03,59.46,59.03,59.38,1607662,0.2851723333333333,0.806709,0.0,0.855517,3.0,0.22813766666666668,0.7474386666666666,0.015917
2023-12-07,59.64,59.64,58.51,59.29,3877491,0.0,0.0,0.0,0.0,0.0,0.0,0.0,0.0
2023-12-08,59.29,60.07,58.94,59.81,3730770,0.3115354285714286,0.903546,0.0,2.180748,7.0,0.25266271428571424,0.7500935714285715,0.3632788571428572
2023-12-11,61.11,61.11,60.59,60.68,4737231,-0.15101445454545456,0.683063,-0.967654,-1.661159,11.0,-0.14171636363636364,0.7718259090909091,0.03684345454545454
2023-12-12,60.68,60.76,59.81,60.16,2791599,-0.03025549999999999,0.887857,-0.846186,-0.18153299999999994,6.0,-0.005577499999999995,0.8276705,0.15732533333333334
2023-12-13,60.33,60.42,59.03,59.12,4516351,-0.009807124999999986,0.711246,-0.960726,-0.07845699999999989,8.0,-0.011777625000000002,0.80860125,0.141645875
2023-12-14,59.29,59.72,59.12,59.29,1463160,0.1562694285714286,0.792458,-0.872732,1.0938860000000001,7.0,0.12501557142857145,0.7356642857142858,0.015548857142857142
2023-12-15,59.38,59.46,59.03,59.03,3741675,0.031113,0.031113,0.031113,0.031113,1.0,0.02489,0.872893,0.051173
2023-12-18,59.03,59.12,58.08,58.08,3518371,0.0,0.0,0.0,0.0,2.0,0.0,0.5266465,0.023883
2023-12-19,58.16,58.42,57.47,58.08,3066185,-0.014706375000000008,0.970994,-0.929663,-0.11765100000000006,8.0,-0.037497,0.847711625,0.109633
2023-12-20,58.08,59.12,58.08,59.03,2605917,0.332017,0.808594,0.0,1.660085,5.0,0.260384,0.7026108000000001,0.025203999999999997
2023-12-21,58.86,59.2,58.77,58.77,2587654,-0.38086533333333333,0.074095,-0.967129,-2.285192,6.0,-0.32458766666666666,0.7572106666666666,0.025777166666666667
2023-12-22,58.77,59.03,58.51,58.6,2147607,-0.3732665,0.201501,-0.948034,-0.746533,2.0,-0.29861299999999996,0.7972435,0.053037
2023-12-25,58.6,59.55,58.6,58.86,2675110,0.10699449999999999,0.871934,-0.975253,0.641967,6.0,0.053087166666666664,0.7670685,0.021895333333333333
2023-12-26,59.2,59.38,58.94,58.94,1977559,-0.579368,-0.579368,-0.579368,-0.579368,1.0,-0.579368,0.614735,0.025131
2023-12-27,59.38,59.56,58.94,58.94,1628408,0.1904232,0.912652,0.0,0.952116,5.0,0.1529628,0.7098432,0.0373696
2023-12-28,58.94,59.82,58.94,59.82,2410778,0.6725754,0.981498,0.003599,3.362877,5.0,0.6725754,0.842061,0.019934
2023-12-29,59.99,59.99,59.03,59.03,1956751,0.30307614285714285,0.767616,-0.28404,2.121533,7.0,0.27272485714285716,0.693284,0.2284112857142857
2024-01-02,59.56,59.82,59.29,59.64,2144983,0.2536408,0.93891,-0.006531,1.2682039999999999,5.0,0.20957620000000002,0.8273340000000001,0.0208238
2024-01-03,59.73,60.25,59.38,60.25,1891530,0.19146449999999998,0.194297,0.188632,0.38292899999999996,2.0,0.15317150000000002,0.738132,0.47477450000000004
2024-01-04,60.34,60.69,60.25,60.25,3403997,0.404232,0.777068,0.031396,0.808464,2.0,0.40109249999999996,0.7835935,0.0181965
2024-01-05,60.52,60.52,59.82,60.08,1477880,0.935859,0.935859,0.935859,0.935859,1.0,0.935859,0.941306,0.010724
2024-01-08,60.25,60.34,59.56,59.56,2399171,0.23118033333333332,0.615632,0.009042,0.693541,3.0,0.21005666666666667,0.7820933333333334,0.015049666666666664
2024-01-09,59.56,59.82,59.38,59.47,2461700,0.02961,0.05922,0.0,0.05922,2.0,0.023688,0.6463295,0.022579000000000002
2024-01-10,59.47,59.47,58.86,58.94,3010809,0.0,0.0,0.0,0.0,0.0,0.0,0.0,0.0
2024-01-11,58.94,59.82,58.94,59.29,2085776,-0.0949055,0.79189,-0.976881,-0.379622,4.0,-0.06075175000000002,0.7934715,0.0237445
2024-01-12,59.03,59.29,58.51,58.68,3286730,0.2835038,0.952202,-0.056975,1.417519,5.0,0.2648912,0.7460916,0.018491200000000003
2024-01-15,58.68,58.94,58.51,58.51,2228627,0.045240499999999996,0.114782,-0.024301,0.09048099999999999,2.0,0.036192,0.805156,0.0284945
2024-01-16,58.51,58.86,58.25,58.86,2074925,-0.45840050000000004,-0.067196,-0.849605,-0.9168010000000001,2.0,-0.37007999999999996,0.8442185,0.06701
2024-01-17,58.94,59.29,58.51,58.6,1829118,-0.817653,-0.817653,-0.817653,-0.817653,1.0,-0.817653,0.840512,0.005566
2024-01-18,58.77,59.21,58.77,58.86,1230002,-0.24356250000000002,0.144597,-0.631722,-0.48712500000000003,2.0,-0.211976,0.7314075,0.030203999999999998
2024-01-19,58.86,59.91,58.86,59.38,2621840,0.0,0.0,0.0,0.0,1.0,0.0,0.528768,0.013216
2024-01-22,59.38,59.99,59.38,59.64,1961559,0.261364,0.639546,-0.179447,0.7840919999999999,3.0,0.203391,0.6440446666666667,0.03209466666666667
2024-01-23,59.64,59.64,59.03,59.12,2113751,-0.02177966666666667,0.136366,-0.171767,-0.06533900000000001,3.0,-0.023149333333333338,0.7561356666666667,0.249301
2024-01-24,59.21,59.38,58.68,58.77,2085392,0.09625633333333333,0.245689,-0.012104,0.288769,3.0,0.07700533333333333,0.7778700000000001,0.06296333333333333
2024-01-25,58.86,58.94,58.42,58.42,2662473,-0.35890575,0.0,-0.816553,-1.435623,4.0,-0.32795225,0.65034075,0.025758
2024-01-26,58.51,58.94,58.51,58.51,1677432,0.37072,0.915187,0.097977,1.11216,3.0,0.3641203333333333,0.859429,0.02412333333333333
2024-01-29,58.6,58.77,58.42,58.51,1734356,-0.04876275000000002,0.964456,-0.682064,-0.19505100000000009,4.0,-0.030804749999999992,0.7388805,0.027966750000000002
2024-01-30,58.77,58.77,58.42,58.42,1791324,-0.44241225,0.129862,-0.964222,-1.769649,4.0,-0.3765885,0.80184025,0.0270655
2024-01-31,58.68,59.56,58.42,58.51,4021787,0.09839200000000002,0.9521,-0.902229,0.5903520000000001,6.0,0.10976466666666669,0.8003494999999999,0.14515916666666664
2024-02-01,58.68,59.21,58.68,58.94,2500699,0.2671536,0.655049,0.053006,1.335768,5.0,0.2650334,0.7382014,0.0178602
2024-02-02,58.94,59.12,58.51,58.86,2613144,-0.04044199999999999,0.034901,-0.138616,-0.12132599999999998,3.0,-0.032354,0.8034363333333333,0.022053
2024-02-05,58.86,59.56,58.68,59.38,3568444,0.132098,0.164439,0.099757,0.264196,2.0,0.1221225,0.770358,0.384121
2024-02-06,59.47,59.56,59.03,59.03,2394933,0.0,0.0,0.0,0.0,0.0,0.0,0.0,0.0
2024-02-07,59.03,59.29,58.68,59.03,2737292,0.785106,0.785106,0.785106,0.785106,1.0,0.785106,0.800398,0.026549
2024-02-15,59.03,59.38,58.68,59.03,3880447,0.29587525,0.909692,0.067834,1.183501,4.0,0.24159399999999998,0.790408,0.032050499999999996
2024-02-16,59.21,61.39,58.94,61.13,11120422,0.21215070000000003,0.756901,-0.275514,2.1215070000000003,10.0,0.20126169999999996,0.662795,0.1882047
2024-02-19,61.91,63.4,61.74,62.79,6660129,0.5570838333333333,0.980728,-0.776094,3.3425030000000002,6.0,0.4923278333333334,0.8660928333333334,0.015785833333333336
2024-02-20,62.61,63.22,62.26,62.44,4390643,0.0,0.0,0.0,0.0,0.0,0.0,0.0,0.0
2024-02-21,62.44,62.79,62.0,62.26,3593123,0.135493,0.135493,0.135493,0.135493,1.0,0.108395,0.755693,0.752786
2024-02-22,62.26,63.49,62.09,62.53,4652126,-0.4915115,0.0,-0.983023,-0.983023,2.0,-0.393209,0.7269905,0.024787999999999998
2024-02-23,62.7,63.49,62.0,62.0,6146121,0.10106933333333334,0.243286,0.0,0.30320800000000003,3.0,0.07074833333333334,0.68728,0.24311000000000002
2024-02-26,62.0,62.61,61.74,62.0,3050150,0.6284145,0.962863,0.293966,1.256829,2.0,0.5321285,0.788114,0.024161
2024-02-27,62.18,63.22,62.09,62.87,5285311,0.33916066666666667,0.597162,0.139274,1.017482,3.0,0.27132866666666666,0.6981403333333334,0.08664333333333334
2024-02-28,63.22,63.4,62.44,63.05,3422219,0.0,0.0,0.0,0.0,1.0,0.0,0.59975,0.007299
2024-02-29,63.4,64.01,62.53,62.87,6543917,0.020825375000000007,0.792073,-0.964866,0.16660300000000006,8.0,0.031037000000000002,0.700038625,0.14581012499999998
2024-03-01,62.96,62.96,62.18,62.44,4399953,0.48390181818181816,0.968073,-0.518554,5.32292,11.0,0.4046657272727273,0.7816257272727273,0.03398409090909091
2024-03-04,62.7,63.49,62.53,62.87,5018814,-0.188777,0.110538,-0.939674,-1.321439,7.0,-0.14684185714285714,0.8156015714285714,0.23890771428571428
2024-03-05,62.87,63.75,62.61,63.75,5443242,0.491237,0.928675,0.034746,1.964948,4.0,0.41065799999999997,0.7611165,0.02507575
2024-03-06,64.01,64.18,62.7,62.7,4837251,0.34131833333333333,0.852224,0.062346,1.023955,3.0,0.27305466666666667,0.8379053333333334,0.023980333333333336
2024-03-07,62.61,62.96,62.26,62.87,5070038,-0.26291624999999996,0.001323,-0.934421,-1.0516649999999998,4.0,-0.18400824999999998,0.79170125,0.02861475
2024-03-08,62.96,63.66,61.13,61.13,7364624,0.10085609090909092,0.656633,-0.122622,1.109417,11.0,0.08520154545454546,0.7492460000000001,0.22891245454545456
2024-03-11,61.56,62.26,61.13,61.39,4214115,0.07673633333333334,0.202789,-0.217907,0.460418,6.0,0.07033333333333333,0.7506048333333334,0.020481333333333334
2024-03-12,61.48,61.65,61.13,61.13,3847561,0.21152066666666666,0.674021,-0.039459,0.634562,3.0,0.16921666666666665,0.7078829999999999,0.018796
2024-03-13,61.22,61.91,61.13,61.83,5648587,0.14583042857142856,0.72918,-0.06596,1.020813,7.0,0.12450185714285714,0.6956734285714286,0.027531
2024-03-14,62.0,62.26,61.39,61.56,5449322,0.029592,0.029592,0.029592,0.029592,1.0,0.023674,0.857862,0.0
2024-03-15,62.01,62.01,60.77,60.86,4857330,0.12232033333333334,0.817248,-0.075294,1.100883,9.0,0.11893922222222224,0.762809111111111,0.10524022222222223
2024-03-18,60.86,61.12,59.8,60.06,6803665,-0.20428366666666667,0.188286,-0.801137,-0.612851,3.0,-0.1508743333333333,0.6880816666666666,0.012910333333333334
2024-03-19,60.59,60.59,59.97,59.97,3166304,-0.098468,-0.098468,-0.098468,-0.098468,1.0,-0.078774,0.769228,0.021454
2024-03-20,59.97,60.68,59.71,60.15,3551272,0.004801750000000021,0.716892,-0.976648,0.019207000000000085,4.0,0.0038412499999999905,0.72058375,0.22414675
2024-03-21,60.33,60.59,60.06,60.51,4910550,0.32084066666666666,0.962522,0.0,0.962522,3.0,0.32084066666666666,0.689294,0.012277333333333333
2024-03-22,60.68,60.77,59.97,59.97,6070254,0.6140642857142857,0.930321,0.0,4.29845,7.0,0.5378425714285714,0.7722475714285714,0.02508314285714286
2024-03-25,60.06,60.33,59.36,59.53,5459681,0.0503525,0.1036,-0.002895,0.100705,2.0,0.0401375,0.8091915000000001,0.0342105
2024-03-26,59.62,60.06,59.53,59.89,2507194,0.0,0.0,0.0,0.0,0.0,0.0,0.0,0.0
2024-03-27,60.15,60.15,59.71,59.89,2639932,0.984468,0.984468,0.984468,0.984468,1.0,0.787574,0.987916,0.016438
2024-03-28,59.89,60.51,59.8,59.89,4474441,0.0,0.0,0.0,0.0,0.0,0.0,0.0,0.0
2024-03-29,60.51,60.51,59.71,59.8,3487674,0.625555,0.625555,0.625555,0.625555,1.0,0.500444,0.725235,0.011662
2024-04-01,59.8,59.89,59.27,59.27,4996398,-0.2400605,0.034619,-0.648926,-0.960242,4.0,-0.22449449999999999,0.74136775,0.02763375
2024-04-02,59.27,59.62,59.0,59.53,4325527,-0.2229255,0.074509,-0.966211,-0.891702,4.0,-0.22665100000000002,0.727796,0.014460500000000001
2024-04-03,59.53,59.53,59.0,59.0,5054063,-0.003619,-0.003619,-0.003619,-0.003619,1.0,-0.002895,0.861859,0.015894
2024-04-04,59.0,60.51,59.0,60.33,7477825,0.10757466666666667,0.89773,-0.924429,0.968172,9.0,0.10212377777777777,0.8380225555555555,0.046004555555555555
2024-04-05,60.33,60.33,59.89,60.06,4237214,-0.29141716666666667,0.176615,-0.981624,-1.7485030000000001,6.0,-0.23724633333333334,0.81005,0.0118905
2024-04-08,60.15,60.15,59.18,59.27,3671802,-0.316343,0.024355,-0.973384,-0.949029,3.0,-0.3179666666666667,0.7968316666666667,0.017038333333333332
2024-04-09,59.36,59.53,59.09,59.27,2518780,0.09876433333333334,0.289347,0.0,0.29629300000000003,3.0,0.07901166666666666,0.655337,0.029583666666666664
2024-04-10,59.36,59.53,59.09,59.09,2767420,0.45162625,0.884456,0.0,1.806505,4.0,0.361301,0.76111975,0.02347125
2024-04-11,59.0,59.18,58.82,58.91,2950689,-0.25713566666666665,0.160694,-0.964982,-0.771407,3.0,-0.20570866666666665,0.840382,0.029773333333333332
2024-04-12,59.09,59.36,58.91,59.0,2511089,0.1897605,0.293437,0.086084,0.379521,2.0,0.16041699999999998,0.7336855,0.02036
2024-04-15,59.0,59.0,57.41,57.41,5766677,-0.4859345,0.0,-0.971869,-0.971869,2.0,-0.461638,0.787728,0.001996
2024-04-16,57.41,57.5,55.73,56.61,7137771,0.10655666666666667,0.205335,0.024559,0.31967,3.0,0.08524533333333334,0.7949703333333332,0.016655
2024-04-17,56.97,57.41,56.79,56.79,4593232,-0.160194,0.049951,-0.761725,-0.80097,5.0,-0.127035,0.7318154,0.0312336
2024-04-19,56.79,56.97,55.99,56.79,4521513,-0.1749418,0.05648,-0.968694,-0.8747090000000001,5.0,-0.13995339999999998,0.7484398000000001,0.0270992
2024-04-22,57.23,57.76,56.61,56.61,2038048,0.079614,0.159228,0.0,0.159228,2.0,0.063691,0.6422045000000001,0.389053
2024-04-23,56.79,56.88,55.91,56.17,2020719,0.0,0.0,0.0,0.0,0.0,0.0,0.0,0.0
2024-04-24,56.61,56.88,56.17,56.61,2403394,0.0,0.0,0.0,0.0,0.0,0.0,0.0,0.0
2024-04-25,56.61,57.32,56.52,57.23,1918445,0.31240233333333334,0.874545,0.031331,0.937207,3.0,0.308225,0.8623426666666667,0.500538
2024-04-26,57.23,58.21,57.06,57.5,2944790,0.498989,0.821604,0.176374,0.997978,2.0,0.4813515,0.7891305,0.0017965
2024-05-02,57.85,57.94,57.41,57.85,2566088,0.15108,0.15108,0.15108,0.15108,1.0,0.120864,0.76764,0.0
2024-05-03,58.03,58.38,57.94,58.03,1969178,0.32172466666666666,0.942591,-0.713129,0.965174,3.0,0.16079033333333334,0.8193033333333334,0.015012666666666667
2024-05-06,58.21,58.74,57.94,58.21,2264163,0.0,0.0,0.0,0.0,1.0,0.0,0.498581,0.730413
2024-05-07,58.38,60.59,58.29,60.15,8490375,0.3093143333333333,0.777579,-0.051083,2.783829,9.0,0.2485585555555556,0.7587705555555555,0.01989877777777778
2024-05-08,60.15,60.15,59.36,60.06,2967447,0.002320999999999962,0.975988,-0.971346,0.004641999999999924,2.0,0.0016245000000000287,0.9788585000000001,0.0199145
2024-05-09,60.06,60.06,58.91,58.91,3001858,0.06385533333333333,0.249596,-0.05803,0.19156600000000001,3.0,0.067724,0.6789386666666667,0.2523823333333333
2024-05-10,59.0,59.71,58.47,58.82,2422429,0.2587076666666667,0.761742,-0.116818,0.7761230000000001,3.0,0.20696599999999998,0.76059,0.05475733333333333
2024-05-13,58.91,59.09,57.85,58.21,2737626,0.982704,0.982704,0.982704,0.982704,1.0,0.786164,0.985164,0.0
2024-05-14,58.29,59.27,58.29,58.82,2435304,0.342998,0.970723,-0.608888,1.371992,4.0,0.27439825,0.85270475,0.2039615
2024-05-15,59.18,59.53,59.0,59.27,3237247,0.385703,0.923451,0.0,1.542812,4.0,0.30856225000000004,0.68438875,0.042817499999999994
2024-05-16,59.36,59.89,59.27,59.44,2914420,0.431141,0.789949,0.072333,0.862282,2.0,0.33406250000000004,0.818144,0.0182925
2024-05-17,59.53,59.97,59.09,59.27,4173675,0.5381583333333334,0.816588,0.0,1.614475,3.0,0.48496566666666663,0.7169490000000001,0.011002999999999999
2024-05-20,59.36,59.8,58.74,58.74,4925028,0.107131,0.202,0.012262,0.214262,2.0,0.085705,0.7732165,0.0191085
2024-05-21,58.74,58.91,58.21,58.56,3803505,-0.4334475,0.107874,-0.974769,-0.866895,2.0,-0.346758,0.902632,0.016057000000000002
2024-05-22,58.74,59.0,58.21,58.21,3621204,-0.08393620000000002,0.92751,-0.981716,-0.4196810000000001,5.0,-0.130364,0.7545712,0.0188848
2024-05-23,58.38,59.27,58.21,59.27,2993637,0.0,0.0,0.0,0.0,0.0,0.0,0.0,0.0
2024-05-24,59.0,59.18,58.12,58.38,4109865,-0.691311,-0.691311,-0.691311,-0.691311,1.0,-0.553049,0.721471,0.045627
2024-05-27,58.47,58.91,58.21,58.47,2339390,0.1813465,0.200151,0.162542,0.362693,2.0,0.15132400000000001,0.7371315,0.014135
2024-05-28,58.65,59.53,58.47,59.09,5350287,0.4831135,0.983048,-0.197103,2.898681,6.0,0.4406165,0.7769996666666666,0.2722756666666667
2024-05-29,59.27,59.53,58.38,58.65,3362126,0.080809,0.080809,0.080809,0.080809,1.0,0.080809,0.74773,0.006768
2024-05-30,58.47,58.56,57.94,58.12,4416677,0.0,0.0,0.0,0.0,0.0,0.0,0.0,0.0
2024-05-31,58.29,58.29,57.76,57.85,4149784,0.126843,0.126843,0.126843,0.126843,1.0,0.101475,0.802051,0.014688
2024-06-03,58.21,58.91,58.12,58.47,3193327,0.09469066666666666,0.181725,0.018501,0.284072,3.0,0.076986,0.8261249999999999,0.03555666666666667
2024-06-04,58.47,58.91,58.38,58.38,2447656,-0.345291,-0.006808,-0.913117,-1.035873,3.0,-0.33642633333333327,0.8292129999999999,0.023743333333333335
2024-06-05,58.56,61.21,58.56,60.59,11876432,0.37294199999999994,0.898012,0.084677,1.1188259999999999,3.0,0.2983533333333333,0.817168,0.052575666666666666
2024-06-06,61.04,61.04,59.44,59.44,4893549,-0.030985666666666672,0.066217,-0.190648,-0.09295700000000001,3.0,-0.02269033333333333,0.7787716666666666,0.018822333333333333
2024-06-07,59.8,60.68,59.71,59.97,4131178,0.0381725,0.067906,0.008439,0.076345,2.0,0.030538,0.8272889999999999,0.047142
2024-06-10,60.51,60.59,59.44,59.44,4569222,0.40908900000000004,0.933976,-0.132632,1.6363560000000001,4.0,0.41572075,0.8462752499999999,0.014222
2024-06-11,59.62,59.71,58.74,58.82,6181560,0.0,0.0,0.0,0.0,2.0,0.0,0.547483,0.028270499999999997
2024-06-12,58.82,59.53,58.65,59.27,3427814,-0.972692,-0.972692,-0.972692,-0.972692,1.0,-0.924058,0.979097,0.024845
2024-06-13,59.27,59.62,59.09,59.18,2807130,0.079575,0.15915,0.0,0.15915,2.0,0.0557025,0.6374975,0.0258105
2024-06-14,59.27,59.53,58.56,58.56,4127632,0.3860475,0.852686,0.028648,1.54419,4.0,0.33882975,0.7922055,0.03369525
2024-06-17,58.65,58.91,58.38,58.38,3621867,-0.1463035,0.018964,-0.604178,-0.585214,4.0,-0.11704300000000001,0.6044054999999999,0.024871749999999998
2024-06-18,58.82,58.82,58.29,58.29,2754686,0.0,0.0,0.0,0.0,1.0,0.0,0.539856,0.021053
2024-06-19,58.38,58.38,57.59,57.76,6160999,0.0,0.0,0.0,0.0,0.0,0.0,0.0,0.0
2024-06-20,57.85,59.09,57.67,58.38,4400155,0.373562,0.747124,0.0,0.747124,2.0,0.2988495,0.6385525,0.0547285
2024-06-21,58.82,59.36,58.38,58.38,3970969,0.104711,0.209422,0.0,0.209422,2.0,0.104711,0.6326635,0.02063
2024-06-24,58.47,58.91,57.76,57.94,3851919,-0.1022485,0.0,-0.204497,-0.204497,2.0,-0.1022485,0.570313,0.028394000000000003
2024-06-25,58.21,58.56,57.94,57.94,2436399,0.104147,0.156837,0.051457,0.208294,2.0,0.075476,0.7921695,0.40588599999999997
2024-06-26,58.21,58.21,57.59,57.67,2488180,0.875699,0.875699,0.875699,0.875699,1.0,0.700559,0.884815,0.092308
2024-06-27,57.67,58.03,57.59,57.76,2710114,-0.6021529999999999,0.0,-0.969409,-1.8064589999999998,3.0,-0.4494086666666666,0.7990436666666666,0.27265966666666663
2024-06-28,57.94,58.38,57.76,57.94,2735071,-0.4761035,0.0,-0.952207,-0.952207,2.0,-0.380883,0.7447305,0.01092
2024-07-01,58.21,58.38,57.76,58.38,1911478,-0.30091,0.307607,-0.909427,-0.60182,2.0,-0.209967,0.766486,0.38528949999999995
2024-07-02,58.38,58.65,58.21,58.56,2044987,-0.672904,-0.672904,-0.672904,-0.672904,1.0,-0.538323,0.703913,0.019629
2024-07-03,58.56,58.65,58.38,58.56,1334249,0.0,0.0,0.0,0.0,0.0,0.0,0.0,0.0
2024-07-04,58.65,59.18,58.65,58.74,2691198,-0.696569,-0.696569,-0.696569,-0.696569,1.0,-0.557255,0.72376,0.019544
2024-07-05,58.74,59.71,58.74,59.44,4183952,0.0,0.0,0.0,0.0,0.0,0.0,0.0,0.0
2024-07-08,59.53,59.89,59.27,59.8,4946406,-0.08907233333333332,0.034152,-0.232257,-0.267217,3.0,-0.07125733333333333,0.751398,0.021245666666666666
2024-07-09,59.8,59.97,59.44,59.71,5048980,0.2046505,0.858006,-0.087796,0.818602,4.0,0.20662075000000002,0.75890875,0.024866
2024-07-10,59.71,59.97,59.09,59.09,3884733,-0.018501,-0.018501,-0.018501,-0.018501,1.0,-0.014801,0.847153,0.110818
2024-07-11,59.18,59.27,58.65,58.65,3789635,-0.07135,-0.07135,-0.07135,-0.07135,1.0,-0.05708,0.795521,0.025478
2024-07-12,58.74,58.91,58.47,58.65,2081812,0.596141,0.596141,0.596141,0.596141,1.0,0.476912,0.616922,0.016997
2024-07-15,58.65,59.18,58.56,58.56,2157757,-0.107698,-0.107698,-0.107698,-0.107698,1.0,-0.086158,0.771124,0.020022
2024-07-16,58.74,59.0,58.47,58.47,2245463,0.0,0.0,0.0,0.0,1.0,0.0,0.576431,0.021028
2024-07-17,58.56,58.82,58.03,58.12,3468308,0.0,0.0,0.0,0.0,0.0,0.0,0.0,0.0
2024-07-18,58.38,58.38,57.94,58.29,2284658,-0.654562,-0.654562,-0.654562,-0.654562,1.0,-0.52365,0.687136,0.020955
2024-07-19,58.29,58.29,57.59,57.76,3396038,-0.179361,-0.179361,-0.179361,-0.179361,1.0,-0.170393,0.613746,0.030717
2024-07-22,57.76,58.38,57.67,57.85,2657788,-0.04663166666666666,0.971144,-0.953334,-0.139895,3.0,-0.10086100000000002,0.8859706666666667,0.013369666666666667
2024-07-23,58.03,58.65,57.94,58.29,3780379,-0.27448550000000005,0.171371,-0.720342,-0.5489710000000001,2.0,-0.21958849999999996,0.757206,0.0266555
2024-07-24,58.21,58.47,58.03,58.03,3615591,0.300558,0.300558,0.300558,0.300558,1.0,0.240447,0.6286,0.03
2024-07-25,58.03,58.12,57.76,58.03,1958885,0.0,0.0,0.0,0.0,0.0,0.0,0.0,0.0
2024-07-26,57.85,58.56,57.85,58.21,2976837,0.0,0.0,0.0,0.0,0.0,0.0,0.0,0.0
2024-07-29,58.56,59.8,58.29,59.44,5785374,-0.0367896,0.984456,-0.955772,-0.183948,5.0,-0.023564800000000007,0.794651,0.0235652
2024-07-30,59.53,60.51,59.18,59.89,6381582,-0.145133,-0.145133,-0.145133,-0.145133,1.0,-0.116107,0.727309,0.053571
2024-07-31,60.59,63.69,60.59,63.34,21167413,0.28621199999999997,0.71593,0.0,0.858636,3.0,0.20510533333333333,0.693501,0.25273166666666663
2024-08-01,63.51,63.6,62.01,62.19,8872145,0.0,0.0,0.0,0.0,1.0,0.0,0.486528,0.005923
2024-08-02,61.92,63.6,61.92,63.25,10298482,0.1727095,0.976318,-0.980258,1.036257,6.0,0.174535,0.8443006666666667,0.03543966666666667
2024-08-05,62.81,62.98,60.59,61.39,12162219,-0.3707815,0.230437,-0.972,-0.741563,2.0,-0.405347,0.8250185,0.013315500000000001
2024-08-06,62.19,64.84,61.92,64.31,13505235,0.4411133333333333,0.88087,0.174944,1.32334,3.0,0.37655700000000003,0.7770146666666666,0.041507333333333334
2024-08-07,64.75,65.28,64.04,65.28,10709270,0.00998899999999999,0.980806,-0.811928,0.029966999999999966,3.0,0.07337799999999998,0.8411580000000001,0.058367333333333334
2024-08-08,65.37,65.81,63.87,64.31,5817168,0.048445,0.121355,-0.024465,0.09689,2.0,0.050891500000000006,0.7828075,0.021244000000000002
2024-08-09,64.4,64.93,64.13,64.84,4530433,-0.680893,-0.680893,-0.680893,-0.680893,1.0,-0.544714,0.739822,0.023121
2024-08-12,64.84,65.81,64.4,64.57,5808119,0.963687,0.963687,0.963687,0.963687,1.0,0.915503,0.967622,0.725653
2024-08-13,64.4,65.81,64.31,65.28,6740336,0.29922,0.682594,0.015215,0.89766,3.0,0.2848823333333333,0.7563646666666667,0.025214666666666666
2024-08-14,65.46,65.55,64.84,65.46,5459112,-0.2720416666666667,0.105865,-0.957838,-0.816125,3.0,-0.21763333333333335,0.8839633333333333,0.01650233333333333
2024-08-15,65.46,65.99,65.19,65.28,4258433,-0.445292,0.02826,-0.918844,-0.890584,2.0,-0.356234,0.902786,0.066584
2024-08-16,65.46,65.55,64.75,65.28,7396631,-0.3737245,0.199538,-0.946987,-0.747449,2.0,-0.279026,0.832702,0.017293
2024-08-19,65.46,67.23,65.28,67.23,7924678,0.024441,0.024441,0.024441,0.024441,1.0,0.019553,0.871933,0.758824
2024-08-20,67.23,67.41,66.61,66.87,4181936,0.4914336666666667,0.732654,0.106863,1.474301,3.0,0.4843096666666667,0.7496519999999999,0.018296333333333335
2024-08-21,66.52,67.32,66.43,66.61,3994706,0.525995,0.967007,0.084983,1.05199,2.0,0.493322,0.8895905,0.021915499999999997
2024-08-22,67.23,67.23,65.11,65.64,6031982,-0.31332099999999996,0.198883,-0.825525,-0.6266419999999999,2.0,-0.2307685,0.7987979999999999,0.0209775
2024-08-23,66.26,66.87,65.81,66.26,3310515,-0.025391999999999998,0.899184,-0.813167,-0.10156799999999999,4.0,0.024645500000000008,0.71518075,0.01975325
2024-08-26,66.26,66.34,64.84,64.93,6329637,0.24636399999999997,0.728247,-0.235519,0.49272799999999994,2.0,0.19709100000000002,0.68964,0.0307065
2024-08-27,64.93,65.28,64.22,65.02,4269971,0.702253,0.702253,0.702253,0.702253,1.0,0.561802,0.722261,0.062338
2024-08-28,65.11,65.46,64.75,65.37,3355013,0.908613,0.908613,0.908613,0.908613,1.0,0.908613,0.915099,0.006924
2024-08-29,65.19,65.46,64.93,65.02,2044649,-0.010524,-0.010524,-0.010524,-0.010524,1.0,-0.010524,0.761684,0.010817
2024-08-30,65.11,66.17,64.93,65.37,3679027,-0.384129,0.0,-0.768258,-0.768258,2.0,-0.307303,0.6582105,0.092364
2024-09-04,64.84,65.9,64.66,65.72,2842048,-0.010544666666666666,0.144577,-0.186051,-0.031633999999999995,3.0,0.0018586666666666658,0.7516886666666668,0.040161
2024-09-05,65.72,66.7,65.55,66.08,5862150,-0.83187775,-0.708719,-0.954201,-3.327511,4.0,-0.66550225,0.85066825,0.02724275
2024-09-06,66.26,66.79,66.17,66.7,3645061,0.017120000000000007,0.143413,-0.092053,0.05136000000000002,3.0,0.013696,0.665541,0.033374
2024-09-09,66.43,66.43,65.64,66.17,2641519,0.0,0.0,0.0,0.0,0.0,0.0,0.0,0.0
2024-09-10,66.17,66.79,65.72,66.26,3335353,0.0,0.0,0.0,0.0,0.0,0.0,0.0,0.0
2024-09-11,66.17,66.43,65.37,65.99,3167882,0.0,0.0,0.0,0.0,0.0,0.0,0.0,0.0
2024-09-12,66.34,66.52,65.81,66.08,2054428,0.0,0.0,0.0,0.0,0.0,0.0,0.0,0.0
2024-09-13,66.17,66.17,64.49,64.49,5350666,-0.5619415,-0.159709,-0.964174,-1.123883,2.0,-0.449553,0.8014939999999999,0.3974055
2024-09-16,64.57,64.57,63.6,63.6,4039871,0.01878133333333333,0.165123,-0.108779,0.05634399999999999,3.0,0.007772999999999998,0.7163076666666667,0.26322033333333333
2024-09-17,63.69,64.93,63.42,64.93,2392584,0.30360739999999997,0.87744,-0.126914,1.5180369999999999,5.0,0.27203879999999997,0.7493266000000001,0.021113399999999997
2024-09-18,65.11,65.37,64.57,64.84,2847879,0.0,0.0,0.0,0.0,0.0,0.0,0.0,0.0
2024-09-19,64.84,65.02,64.57,64.84,1574276,-0.05481133333333333,0.011662,-0.122671,-0.164434,3.0,-0.04741066666666666,0.7902420000000001,0.03367666666666667
2024-09-20,65.02,65.46,64.31,64.31,5234412,0.3015574,0.918951,-0.188204,1.507787,5.0,0.27806800000000004,0.7497514,0.027888599999999996
2024-09-23,64.66,64.75,64.22,64.49,2933886,-0.058855000000000005,-0.049882,-0.067828,-0.11771000000000001,2.0,-0.0486805,0.7967234999999999,0.015921
2024-09-24,64.99,64.99,64.17,64.35,2080216,0.322178,0.983959,-0.017425,0.966534,3.0,0.256581,0.79395,0.014616333333333334
2024-09-25,64.35,64.44,63.71,63.71,4525095,0.651672,0.983481,0.0,1.955016,3.0,0.5861066666666667,0.8512303333333332,0.014494
2024-09-26,63.71,65.08,63.71,64.71,3987434,0.3072901666666667,0.93756,0.0,1.843741,6.0,0.3072901666666667,0.6746111666666668,0.037759999999999995
2024-09-27,64.81,65.17,64.71,64.99,2971446,0.8064039999999999,0.844007,0.768801,1.6128079999999998,2.0,0.729524,0.822765,0.0230525
2024-09-30,64.99,64.99,64.17,64.17,2046753,-0.494023,-0.150674,-0.837372,-0.988046,2.0,-0.437087,0.8140255,0.0094035
2024-10-01,64.26,64.71,64.17,64.17,2042595,0.0,0.0,0.0,0.0,0.0,0.0,0.0,0.0
2024-10-02,64.26,64.26,63.71,64.17,2142472,0.087027,0.087027,0.087027,0.087027,1.0,0.069622,0.853672,0.016644
2024-10-03,64.26,64.53,63.98,64.35,2949988,-0.117759,-0.117759,-0.117759,-0.117759,1.0,-0.117759,0.728193,0.010444
2024-10-04,64.53,64.53,62.61,62.7,6140641,0.28243575,0.988568,0.007921,1.129743,4.0,0.275377,0.8524784999999999,0.019367
2024-10-07,62.88,63.43,61.42,61.42,5995180,-0.434891,0.080787,-0.950569,-0.869782,2.0,-0.347913,0.9012020000000001,0.0184075
2024-10-08,61.51,62.43,61.51,62.43,2890240,0.0,0.0,0.0,0.0,1.0,0.0,0.531525,0.039735
2024-10-09,62.52,62.79,62.06,62.06,3532506,0.028911999999999997,0.062605,0.009131,0.086736,3.0,0.023129666666666663,0.8430766666666667,0.02684333333333333
2024-10-10,62.52,62.98,61.97,61.97,2625177,0.0,0.0,0.0,0.0,0.0,0.0,0.0,0.0
2024-10-11,62.33,62.43,61.79,61.97,2373079,0.971281,0.971281,0.971281,0.971281,1.0,0.777025,0.975485,0.006122
2024-10-14,62.33,62.33,61.42,61.51,2825429,-0.729137,-0.729137,-0.729137,-0.729137,1.0,-0.583309,0.755762,0.029197
2024-10-15,61.51,61.69,61.05,61.14,3078240,-0.24685500000000002,0.204608,-0.945173,-0.740565,3.0,-0.18384333333333333,0.7378656666666666,0.023872666666666667
2024-10-16,61.14,62.33,61.14,61.79,2006161,-0.963917,-0.963917,-0.963917,-0.963917,1.0,-0.963917,0.971162,0.020408
2024-10-17,61.88,62.15,61.6,61.88,1658879,0.044447,0.044447,0.044447,0.044447,1.0,0.035558,0.824852,0.029703
2024-10-18,61.88,62.24,61.69,61.69,1599576,0.0,0.0,0.0,0.0,0.0,0.0,0.0,0.0
2024-10-21,61.69,62.15,61.51,61.6,1862336,0.0,0.0,0.0,0.0,0.0,0.0,0.0,0.0
2024-10-22,61.6,62.06,61.51,61.6,2253327,0.156765,0.156765,0.156765,0.156765,1.0,0.125412,0.73877,0.035928
2024-10-23,61.6,61.88,61.51,61.6,1637360,0.4706,0.895077,0.046123,0.9412,2.0,0.33633850000000004,0.8924255000000001,0.011035
2024-10-24,61.6,63.16,61.6,62.61,4369950,0.043678,0.043678,0.043678,0.043678,1.0,0.034942,0.862857,0.030664
2024-10-25,62.79,62.79,62.15,62.24,2172351,-0.1741936666666667,0.586424,-0.909253,-0.5225810000000001,3.0,-0.009334333333333333,0.7365526666666667,0.021466000000000002
2024-10-28,61.97,62.24,61.05,61.51,2927947,-0.36227000000000004,0.13008,-0.85462,-0.7245400000000001,2.0,-0.29632,0.8447804999999999,0.0289135
2024-10-29,61.6,61.6,61.14,61.33,2033574,0.623207,0.623207,0.623207,0.623207,1.0,0.623207,0.650207,0.010471
2024-10-30,61.33,61.6,60.69,60.69,3437020,-0.25100966666666663,0.119978,-0.873007,-0.753029,3.0,-0.20080733333333334,0.7040893333333335,0.065756
2024-10-31,60.96,60.96,59.77,60.5,5177693,0.176854,0.176854,0.176854,0.176854,1.0,0.176854,0.748019,0.005181
2024-11-01,60.5,60.69,60.05,60.23,2182658,0.208571,0.208571,0.208571,0.208571,1.0,0.166857,0.730421,0.030612
2024-11-04,60.32,60.96,60.05,60.05,2121224,-0.30402999999999997,0.035415,-0.971833,-0.91209,3.0,-0.239241,0.8581126666666666,0.019841
2024-11-05,60.14,60.41,59.95,59.95,1063141,-0.24898466666666666,0.286045,-0.969866,-0.746954,3.0,-0.20129200000000003,0.806079,0.017181333333333333
2024-11-06,60.41,60.41,59.77,60.23,2598835,0.12680249999999998,0.177427,0.076178,0.25360499999999997,2.0,0.1014415,0.6968004999999999,0.0445955
2024-11-07,60.41,60.6,60.05,60.32,1154788,0.372976,0.771478,-0.025526,0.745952,2.0,0.295828,0.7961754999999999,0.0201455
2024-11-08,60.41,60.6,60.05,60.14,1597360,0.0,0.0,0.0,0.0,0.0,0.0,0.0,0.0
2024-11-11,60.14,60.23,59.22,59.68,2742114,-0.483019,0.0,-0.966038,-0.966038,2.0,-0.3864155,0.777285,0.02287
2024-11-12,59.68,60.14,59.31,59.41,1734699,-0.9663165,-0.96276,-0.969873,-1.932633,2.0,-0.8700405,0.9730110000000001,0.014539
2024-11-13,59.59,60.05,59.22,59.5,2773315,-0.0305345,0.0,-0.061069,-0.061069,2.0,-0.0244275,0.6425805,0.05858100000000001
2024-11-14,59.5,59.5,59.22,59.5,1781237,0.011482499999999951,0.720694,-0.697729,0.022964999999999902,2.0,0.06323800000000002,0.730939,0.014568000000000001
2024-11-15,59.41,59.41,58.31,58.31,3697005,-0.479709,0.013162,-0.97258,-0.959418,2.0,-0.4810255,0.848175,0.008662
2024-11-18,58.31,58.76,57.85,57.85,3752034,-0.148525,0.343964,-0.641014,-0.29705,2.0,-0.11882000000000001,0.638469,0.0257065
2024-11-19,57.94,58.12,57.67,57.67,2736295,-0.948447,-0.948447,-0.948447,-0.948447,1.0,-0.758758,0.956666,0.019481
2024-11-20,57.67,58.4,57.57,58.22,2820172,0.07304949999999999,0.989343,-0.843244,0.14609899999999998,2.0,0.157374,0.92943,0.0499885
2024-11-21,58.31,58.67,58.03,58.49,2255565,-0.19841350000000002,0.71366,-0.908248,-0.7936540000000001,4.0,-0.2016625,0.80017625,0.21911450000000002
2024-11-22,58.49,59.31,58.49,58.86,2179029,0.211971,0.211971,0.211971,0.211971,1.0,0.211971,0.735214,0.034483
2024-11-25,58.86,59.13,58.76,58.86,2450009,-0.4196295,0.0,-0.839259,-0.839259,2.0,-0.3357035,0.7070905,0.025103
2024-11-26,59.04,59.5,58.95,59.31,1678113,-0.3463905,-0.010326,-0.682455,-0.692781,2.0,-0.278145,0.787935,0.0141825
2024-11-27,59.31,59.5,59.04,59.13,1588583,-0.193325,-0.193325,-0.193325,-0.193325,1.0,-0.15466,0.657916,0.082949
2024-11-28,59.5,59.5,59.04,59.04,1275083,0.0627595,0.125519,0.0,0.125519,2.0,0.0627595,0.6419630000000001,0.014201499999999999
2024-11-29,59.04,59.31,58.86,59.13,1107140,0.0,0.0,0.0,0.0,1.0,0.0,0.561447,0.037209
2024-12-02,59.13,59.31,58.76,59.04,1232443,0.0,0.0,0.0,0.0,0.0,0.0,0.0,0.0
2024-12-03,59.13,59.13,58.49,58.49,2427726,-0.008572250000000003,0.095339,-0.212176,-0.034289000000000014,4.0,-0.0027305000000000003,0.70490275,0.0325895
2024-12-04,58.4,58.49,57.94,57.94,2749303,-0.0021375,0.0,-0.004275,-0.004275,2.0,-0.0021375,0.606783,0.3775905
2024-12-05,58.12,59.22,57.85,58.86,2221363,-0.52680775,-0.025131,-0.959143,-2.107231,4.0,-0.4694035,0.796743,0.02482675
2024-12-06,59.04,59.31,58.67,58.67,1681167,0.895606,0.895606,0.895606,0.895606,1.0,0.895606,0.902966,0.02995
2024-12-09,59.04,59.04,58.58,58.67,1764954,0.0,0.0,0.0,0.0,1.0,0.0,0.515665,0.021004
2024-12-10,58.67,58.95,58.49,58.49,1714418,-0.466862,0.0,-0.933724,-0.933724,2.0,-0.3734895,0.709915,0.015143
2024-12-11,58.49,59.13,58.49,58.76,2027577,-0.234307,-0.234307,-0.234307,-0.234307,1.0,-0.187446,0.680185,0.047151
2024-12-12,58.76,59.41,58.76,59.13,2252448,-0.001070500000000002,0.109404,-0.111545,-0.002141000000000004,2.0,-0.0008564999999999962,0.7688170000000001,0.026905
2024-12-13,58.86,59.04,58.67,58.76,1399402,0.0,0.0,0.0,0.0,1.0,0.0,0.493506,0.769284
2024-12-16,58.76,59.68,58.76,59.5,2389158,0.0009979999999999837,0.701857,-0.798189,0.004989999999999918,5.0,-0.036193800000000005,0.7525126,0.029258600000000003
2024-12-17,59.41,59.5,59.04,59.13,1206503,0.3756085,0.975717,-0.263505,1.502434,4.0,0.3469045,0.8215245,0.0141095
2024-12-18,59.5,59.59,59.22,59.22,1616812,0.011647,0.023294,0.0,0.023294,2.0,0.011647,0.6725909999999999,0.0567425
2024-12-19,58.95,59.04,58.49,58.49,2629962,0.256402,0.256402,0.256402,0.256402,1.0,0.256402,0.640058,0.006889
2024-12-20,58.58,59.5,58.58,59.5,3801451,0.247778,0.972729,0.004127,1.23889,5.0,0.17911580000000002,0.8597338000000001,0.0270416
2024-12-23,59.22,59.5,58.86,58.95,1350461,0.1793645,0.602877,0.0,0.717458,4.0,0.14062725,0.6324685,0.01986475
2024-12-24,58.95,59.22,58.67,58.86,1290269,0.048382,0.068874,0.02789,0.096764,2.0,0.041495000000000004,0.8514945,0.0363205
2024-12-25,58.95,59.41,58.95,58.95,1304582,0.4896505,0.979301,0.0,0.979301,2.0,0.3917205,0.7706905,0.046835
2024-12-26,59.23,59.23,58.86,58.86,1711855,0.09866433333333334,0.295993,0.0,0.295993,3.0,0.07893166666666666,0.5862660000000001,0.02190866666666667
2024-12-27,58.95,59.13,58.77,58.86,2445187,0.835544,0.835544,0.835544,0.835544,1.0,0.835544,0.846391,0.033149
2024-12-30,58.67,58.77,58.4,58.4,1492983,-0.40757,-0.102309,-0.911248,-1.22271,3.0,-0.3833953333333333,0.7952423333333334,0.023844666666666667
2024-12-31,58.49,58.86,58.4,58.49,1643941,0.909405,0.909405,0.909405,0.909405,1.0,0.909405,0.916995,0.028708
2025-01-02,58.67,58.86,58.21,58.21,1339894,-0.42835999999999996,0.014603,-0.871323,-0.8567199999999999,2.0,-0.341228,0.8741995,0.021466000000000002
2025-01-03,58.3,58.4,58.03,58.12,1779619,0.194296,0.194296,0.194296,0.194296,1.0,0.155436,0.699857,0.026667
2025-01-06,58.12,58.3,57.66,57.66,2108984,0.026528499999999997,0.666497,-0.663517,0.10611399999999999,4.0,0.05454775,0.7775335,0.019761499999999998
2025-01-07,57.75,58.12,56.83,56.92,2811099,0.04133233333333334,0.959846,-0.835849,0.12399700000000002,3.0,0.09705566666666665,0.7969339999999999,0.036193333333333334
2025-01-08,57.2,57.29,56.46,56.92,2057556,0.0,0.0,0.0,0.0,1.0,0.0,0.444713,0.101351
2025-01-09,57.01,57.1,56.55,57.01,1504291,-0.12508,-0.115864,-0.134296,-0.25016,2.0,-0.12508,0.6985714999999999,0.017249
2025-01-10,56.92,57.1,56.55,56.55,1192540,-0.599877,-0.237886,-0.961868,-1.199754,2.0,-0.38371500000000003,0.8154675,0.035437
2025-01-13,56.46,57.1,56.37,56.64,1104262,-0.17014849999999998,-0.149799,-0.190498,-0.34029699999999996,2.0,-0.145644,0.7189165,0.0213105
2025-01-14,56.64,57.01,56.55,56.83,1149837,-0.083581,-0.083581,-0.083581,-0.083581,1.0,-0.075223,0.802866,0.025946
2025-01-15,57.29,57.47,56.92,56.92,1219841,0.004283,0.004283,0.004283,0.004283,1.0,0.003426,0.745751,0.014303
2025-01-16,57.47,57.75,56.92,57.1,1687939,0.0,0.0,0.0,0.0,0.0,0.0,0.0,0.0
2025-01-17,57.38,57.38,57.2,57.2,890720,0.30582933333333334,0.913806,-0.011531,0.917488,3.0,0.24466333333333332,0.856252,0.258407
2025-01-20,57.2,57.38,56.83,57.1,1638012,-0.1281165,-0.011378,-0.244855,-0.256233,2.0,-0.102493,0.7450855000000001,0.031785
2025-01-21,57.2,57.29,56.83,57.01,1405722,-0.130563,-0.130563,-0.130563,-0.130563,1.0,-0.117507,0.751542,0.025696
2025-01-22,57.2,57.2,56.83,56.83,1762572,-0.867117,-0.867117,-0.867117,-0.867117,1.0,-0.867117,0.885786,0.015645
2025-01-23,56.83,57.47,56.83,57.2,1783676,-0.45339050000000003,-0.090474,-0.816307,-0.9067810000000001,2.0,-0.3672365,0.8109759999999999,0.0479125
2025-01-24,57.1,57.66,57.01,57.38,1578694,0.66365,0.66365,0.66365,0.66365,1.0,0.66365,0.688139,0.007653
2025-02-03,57.38,57.38,55.81,55.81,7286722,-0.04373674999999999,0.151292,-0.240774,-0.17494699999999996,4.0,-0.03027175,0.75545675,0.2000055
2025-02-04,55.91,56.18,55.35,55.54,7132840,0.45710325,0.957848,-0.094881,1.828413,4.0,0.45747025,0.8710147500000001,0.016808999999999998
2025-02-05,55.72,56.74,55.72,56.74,3204519,0.3039415,0.607883,0.0,0.607883,2.0,0.2431535,0.5744795,0.0234995
2025-02-06,56.74,56.83,55.81,56.0,3033470,0.07403699999999996,0.963633,-0.932768,0.29614799999999986,4.0,0.107411,0.76762475,0.02309125
2025-02-07,56.0,56.46,55.91,56.09,2555237,0.8779245,0.944251,0.811598,1.755849,2.0,0.830712,0.8915175,0.0224625
2025-02-10,56.46,56.46,55.91,55.91,2597063,-0.110587,-0.110587,-0.110587,-0.110587,1.0,-0.08847,0.75788,0.027119
2025-02-11,55.91,56.0,55.44,55.72,3438061,-0.4705095,0.000184,-0.941203,-0.941019,2.0,-0.376408,0.902917,0.032247
2025-02-12,55.91,56.27,55.81,56.27,2759083,-0.627994,-0.009325,-0.981809,-1.883982,3.0,-0.5678489999999999,0.9057029999999999,0.05769766666666667
2025-02-13,56.27,56.27,55.72,56.0,2579334,-0.51700575,-0.085771,-0.913927,-2.068023,4.0,-0.4705085,0.7658335000000001,0.02569975
2025-02-14,56.0,56.0,55.63,55.63,6406440,0.3949933333333333,0.919844,-0.000361,1.18498,3.0,0.3336943333333333,0.8144273333333333,0.03140933333333334
2025-02-17,55.72,55.91,55.35,55.35,3616591,-0.143306,-0.143306,-0.143306,-0.143306,1.0,-0.114645,0.720049,0.027366
2025-02-18,55.72,55.81,55.35,55.63,2442358,0.32323133333333337,0.985623,-0.181122,0.9696940000000001,3.0,0.2585846666666667,0.807643,0.26876266666666665
2025-02-19,55.63,56.18,55.63,56.09,3075728,0.0,0.0,0.0,0.0,1.0,0.0,0.551484,0.057831
2025-02-20,56.18,56.18,55.91,56.0,2632849,-0.0731115,0.0,-0.146223,-0.146223,2.0,-0.0584895,0.564315,0.016225
2025-02-21,56.09,57.29,55.91,56.64,4723060,0.964581,0.964581,0.964581,0.964581,1.0,0.964581,0.9693,0.834565
2025-02-24,56.83,58.95,56.83,58.86,11520294,0.047329,0.308153,-0.166166,0.141987,3.0,0.05840666666666667,0.6234086666666666,0.023693333333333334
2025-02-25,59.04,59.04,57.75,58.03,3891802,-0.047446999999999996,-0.010097,-0.084797,-0.09489399999999999,2.0,-0.0379575,0.8285674999999999,0.0209925
2025-02-26,58.12,58.49,58.03,58.21,3639672,0.299669,0.299669,0.299669,0.299669,1.0,0.239735,0.648634,0.014035
2025-02-27,58.3,58.3,57.38,57.38,3525626,0.231525,0.854519,-0.168001,0.694575,3.0,0.18575699999999998,0.8094579999999999,0.019377333333333333
2025-02-28,57.47,58.3,57.38,57.38,4180628,-0.07584275,0.214345,-0.666049,-0.303371,4.0,-0.0832595,0.720768,0.02835075
2025-03-03,57.94,58.3,57.47,58.3,3614305,0.06073559999999998,0.975691,-0.573358,0.3036779999999999,5.0,0.048588600000000016,0.6796599999999999,0.1678152
2025-03-04,58.3,58.86,58.03,58.58,6046776,0.27079325,0.964992,-0.048226,1.083173,4.0,0.27320449999999996,0.7641015,0.021323
2025-03-05,58.67,58.67,57.84,57.84,2281264,-0.2214263333333333,0.0,-0.664279,-0.664279,3.0,-0.2214263333333333,0.6034936666666667,0.255816
2025-03-06,57.84,58.03,57.38,58.03,3129517,0.019667333333333297,0.849563,-0.928162,0.05900199999999989,3.0,-0.04614400000000004,0.8614033333333334,0.017456
2025-03-07,58.03,58.12,57.57,57.84,2659929,0.71103775,0.961637,0.243548,2.844151,4.0,0.5688305,0.82919875,0.038852
2025-03-10,58.12,58.12,57.66,57.66,2533190,0.889715,0.889715,0.889715,0.889715,1.0,0.711772,0.896466,0.007989
2025-03-11,57.47,57.66,57.29,57.57,2290854,0.0,0.0,0.0,0.0,0.0,0.0,0.0,0.0
2025-03-12,57.66,57.94,57.38,57.38,2761535,0.0,0.0,0.0,0.0,0.0,0.0,0.0,0.0
2025-03-13,57.47,58.03,57.1,57.2,5106563,0.0,0.0,0.0,0.0,0.0,0.0,0.0,0.0
2025-03-14,57.57,57.84,57.29,57.29,2700423,0.0,0.0,0.0,0.0,0.0,0.0,0.0,0.0
2025-03-17,57.57,58.49,57.57,58.12,4066437,0.0,0.0,0.0,0.0,0.0,0.0,0.0,0.0
2025-03-18,58.21,58.21,57.66,57.66,3285983,0.5384093333333334,0.903503,-0.163871,1.615228,3.0,0.42166333333333333,0.8027386666666666,0.017633333333333334
2025-03-19,57.84,57.94,57.1,57.47,3042976,0.0,0.0,0.0,0.0,2.0,0.0,0.5338925,0.410503
2025-03-20,57.38,57.38,56.55,57.01,3895453,-0.08648425,0.682037,-0.94397,-0.345937,4.0,-0.03928574999999999,0.81445625,0.01269525
2025-03-21,57.01,57.01,56.46,56.55,3331858,0.0089175,0.013843,0.003992,0.017835,2.0,0.0071335,0.823801,0.016188
2025-03-24,56.64,57.2,56.37,56.64,2493893,-0.373885,0.227445,-0.975215,-0.74777,2.0,-0.299108,0.8477715,0.024031499999999997
2025-03-25,56.92,56.92,56.46,56.64,2327043,0.3321963333333333,0.852101,-0.015169,0.996589,3.0,0.32155233333333333,0.8335849999999999,0.011219666666666668
2025-03-26,56.74,57.1,56.46,56.46,1849811,0.19748,0.19748,0.19748,0.19748,1.0,0.157984,0.74341,0.065934
2025-03-27,56.46,56.74,56.37,56.37,2233560,0.882565,0.965677,0.799453,1.76513,2.0,0.7859974999999999,0.8921684999999999,0.0074725
2025-03-28,56.27,56.37,55.54,55.63,5443940,-0.312822,0.0,-0.625644,-0.625644,2.0,-0.2502575,0.6180955,0.027194000000000003
2025-03-31,56.09,56.83,55.91,55.91,5308209,-0.8595936666666667,-0.664988,-0.978153,-2.578781,3.0,-0.8152613333333334,0.878081,0.033085333333333335
2025-04-01,56.46,56.46,55.63,56.09,3137933,-0.95601,-0.95601,-0.95601,-0.95601,1.0,-0.95601,0.964895,0.011765
2025-04-02,56.0,56.64,55.81,55.81,4687947,0.0,0.0,0.0,0.0,0.0,0.0,0.0,0.0
2025-04-03,54.89,54.98,51.94,52.12,16961756,-0.771931,-0.212751,-0.966824,-3.087724,4.0,-0.771931,0.880248,0.204351
2025-04-04,49.82,54.24,49.63,53.97,9790843,-0.4665055,0.0,-0.933011,-0.933011,2.0,-0.4665055,0.7483265,0.016568
2025-04-08,52.31,52.49,50.28,50.28,13341671,-0.320646,0.0,-0.961938,-0.961938,3.0,-0.320646,0.7002193333333334,0.017989333333333333
2025-04-09,47.42,50.92,47.42,47.97,9895364,-0.776853,-0.776853,-0.776853,-0.776853,1.0,-0.621482,0.802491,0.011278
2025-04-10,51.29,51.29,51.29,51.29,1515755,-0.5855273333333334,0.009357,-0.923276,-1.756582,3.0,-0.524599,0.8221756666666667,0.045408666666666674
2025-04-11,51.29,53.88,51.29,53.05,9178387,0.1458,0.1458,0.1458,0.1458,1.0,0.1458,0.778776,0.032491
2025-04-14,53.41,53.41,52.12,52.49,5487359,0.153784,0.767403,-0.213999,0.76892,5.0,0.13585160000000002,0.7422890000000001,0.169074
2025-04-15,52.31,53.05,51.94,51.94,4173838,0.323345,0.702777,-0.056087,0.64669,2.0,0.3289535,0.7688729999999999,0.0155895
2025-04-16,52.03,52.77,51.66,51.66,3741175,0.081537,0.081537,0.081537,0.081537,1.0,0.081537,0.747973,0.005808
2025-04-17,51.2,52.22,50.55,51.66,7226501,-0.2851923333333333,0.026683,-0.842069,-0.8555769999999999,3.0,-0.28251299999999996,0.8455086666666668,0.024176666666666666
2025-04-18,52.31,52.86,52.22,52.22,3042348,0.007249,0.007249,0.007249,0.007249,1.0,0.007249,0.841738,0.011964
2025-04-21,52.4,52.68,52.12,52.31,3024998,-0.1117635,0.0,-0.223527,-0.223527,2.0,-0.0894105,0.5924925,0.026539999999999998
2025-04-22,52.22,52.22,49.72,51.66,6966814,0.123064,0.251668,0.0,0.369192,3.0,0.11522900000000001,0.680216,0.026520333333333337
2025-04-23,52.4,52.86,52.03,52.03,3589382,0.0,0.0,0.0,0.0,0.0,0.0,0.0,0.0
2025-04-24,52.12,52.4,51.85,51.94,1959766,0.0,0.0,0.0,0.0,1.0,0.0,0.570087,0.021454
2025-04-25,52.12,53.78,52.12,53.78,8125834,0.15991266666666668,0.925981,-0.675498,0.479738,3.0,0.18966233333333335,0.7888293333333333,0.039599333333333334
2025-04-28,53.78,53.78,53.05,53.05,2670118,-0.179468,-0.179468,-0.179468,-0.179468,1.0,-0.143575,0.715042,0.020247
2025-04-29,53.05,53.41,52.77,53.14,2560129,-0.34505,0.0,-0.818101,-1.03515,3.0,-0.27604,0.689521,0.023247
2025-05-05,53.05,53.14,52.49,52.49,4242785,0.01545575,0.079226,-0.06931,0.061823,4.0,0.015828750000000003,0.8125322500000001,0.021129750000000003
2025-05-06,52.58,52.95,52.49,52.49,2505912,0.39085000000000003,0.840925,-0.059225,0.7817000000000001,2.0,0.39677250000000003,0.8357954999999999,0.0156655
2025-05-07,52.49,53.23,52.49,52.77,2910910,0.5208456666666667,0.897779,0.0,1.5625369999999998,3.0,0.4609936666666667,0.7272230000000001,0.014691666666666667
2025-05-08,52.77,53.32,52.77,52.95,3266128,0.13219125,0.788754,-0.926326,0.528765,4.0,0.181395,0.82819075,0.0266775
2025-05-09,53.23,54.06,53.23,53.23,3839463,-0.039429333333333316,0.849614,-0.96956,-0.11828799999999995,3.0,0.025097333333333343,0.896887,0.010282333333333333
2025-05-12,53.51,54.15,53.51,54.06,5868031,0.19822566666666666,0.594677,0.0,0.594677,3.0,0.15858066666666668,0.5576783333333334,0.027403333333333335
2025-05-13,54.34,54.43,53.78,53.97,4359100,-0.129672,0.0,-0.259344,-0.259344,2.0,-0.1037375,0.5515695,0.015047499999999998
2025-05-14,54.45,54.45,53.59,53.68,5045042,0.85284,0.85284,0.85284,0.85284,1.0,0.682272,0.863022,0.037267
2025-05-15,53.68,54.45,53.68,54.26,4097846,0.417464,0.958068,-0.12314,0.834928,2.0,0.33397099999999996,0.8513665,0.0153135
2025-05-16,54.26,54.26,53.68,53.68,3204963,0.5041295,0.894728,0.113531,1.008259,2.0,0.5041295,0.86067,0.021285
2025-05-19,53.68,54.45,53.49,53.49,2803390,0.0,0.0,0.0,0.0,0.0,0.0,0.0,0.0
2025-05-20,53.59,53.78,53.3,53.4,3228264,-0.011221999999999996,0.102997,-0.125441,-0.02244399999999999,2.0,0.0013220000000000037,0.7532125,0.0144065
2025-05-21,53.49,53.49,52.92,52.92,4473493,0.090767,0.090767,0.090767,0.090767,1.0,0.072614,0.838417,0.015605
2025-05-22,52.92,53.11,52.54,52.54,2674376,-0.814533,-0.814533,-0.814533,-0.814533,1.0,-0.651627,0.834821,0.018828
2025-05-23,52.73,53.01,52.63,52.82,1671303,-0.028476999999999995,0.11841,-0.175364,-0.05695399999999999,2.0,-0.031549499999999994,0.7465269999999999,0.028379
2025-05-26,52.92,53.3,52.54,53.2,2735753,0.04616133333333331,0.950981,-0.792126,0.13848399999999994,3.0,0.08312033333333331,0.8814346666666667,0.014273333333333334
2025-05-27,53.4,53.49,52.82,52.92,3691308,0.0,0.0,0.0,0.0,1.0,0.0,0.5762,0.122449
2025-05-28,53.2,53.2,52.63,52.73,3908641,-0.0130185,0.0,-0.026037,-0.026037,2.0,-0.0104145,0.638809,0.01813
2025-05-29,53.01,53.01,52.63,52.63,2185775,-0.208901,-0.208901,-0.208901,-0.208901,1.0,-0.167121,0.67113,0.018888
2025-05-30,52.92,52.92,52.34,52.44,3289850,0.035164666666666664,0.07501,0.0,0.10549399999999999,3.0,0.020630666666666665,0.6966023333333333,0.022067
2025-06-02,52.44,52.73,52.06,52.15,2650910,-0.08463299999999997,0.909706,-0.785248,-0.3385319999999999,4.0,-0.094613,0.80533475,0.012215750000000001
2025-06-03,52.25,53.49,52.25,53.01,4318030,0.0019660000000000233,0.937106,-0.933174,0.003932000000000047,2.0,0.09528350000000002,0.9426289999999999,0.0218765
2025-06-04,53.3,55.21,53.01,54.35,8429633,0.2740096,0.910703,-0.062043,1.3700480000000002,5.0,0.25835280000000005,0.7966184000000001,0.158041
2025-06-05,54.45,54.54,53.78,53.78,2800586,0.002956500000000001,0.750839,-0.901875,0.011826000000000003,4.0,0.039907,0.796206,0.01419725
2025-06-06,53.87,53.87,52.63,52.82,4131010,-0.59973,-0.59973,-0.59973,-0.59973,1.0,-0.299865,0.636714,0.047619
2025-06-09,52.92,53.78,52.82,52.82,3041347,-0.934267,-0.889561,-0.978973,-1.868534,2.0,-0.8453109999999999,0.943736,0.0210745
2025-06-10,53.01,53.59,52.63,52.82,3006169,-0.904946,-0.904946,-0.904946,-0.904946,1.0,-0.723957,0.917665,0.025451
2025-06-11,52.82,53.11,52.63,52.73,1724703,0.8412405000000001,0.983245,0.699236,1.6824810000000001,2.0,0.6729925,0.850251,0.055652
2025-06-12,53.11,53.68,53.01,53.4,3287375,0.0,0.0,0.0,0.0,2.0,0.0,0.562521,0.006954
2025-06-13,53.01,53.2,52.73,53.01,3550452,0.0,0.0,0.0,0.0,1.0,0.0,0.504014,0.775472
2025-06-16,52.92,54.06,52.92,53.78,4739919,-0.262647,0.230015,-0.970734,-0.787941,3.0,-0.21326566666666666,0.8322470000000001,0.011382000000000001
2025-06-17,53.87,54.16,53.59,53.68,3412338,0.0,0.0,0.0,0.0,0.0,0.0,0.0,0.0
2025-06-18,53.78,54.26,53.49,53.49,4104359,0.0,0.0,0.0,0.0,0.0,0.0,0.0,0.0
2025-06-19,53.49,53.87,53.2,53.59,2633373,0.0,0.0,0.0,0.0,0.0,0.0,0.0,0.0
2025-06-20,53.78,54.16,53.4,54.06,4666374,0.056847,0.056847,0.056847,0.056847,1.0,0.056847,0.814673,0.004118
2025-06-23,53.49,53.87,53.3,53.4,3026667,0.2915763333333333,0.83538,-0.025229,0.874729,3.0,0.287692,0.8207536666666666,0.016802666666666667
2025-06-24,53.68,53.97,53.59,53.87,2808803,0.0102615,0.020523,0.0,0.020523,2.0,0.0102615,0.672673,0.007751
2025-06-25,53.97,55.21,53.87,54.26,6276981,0.976032,0.976032,0.976032,0.976032,1.0,0.927231,0.979283,0.803448
2025-06-26,54.26,54.45,53.78,53.87,3122709,0.0,0.0,0.0,0.0,1.0,0.0,0.588469,0.010982
2025-06-27,54.26,55.97,53.78,55.21,8906332,0.37820733333333334,0.808836,0.0,1.134622,3.0,0.324285,0.6547663333333333,0.023500333333333335
2025-06-30,55.5,56.07,55.31,55.4,4495276,0.4652965,0.901882,0.028711,0.930593,2.0,0.375108,0.886163,0.016012
2025-07-01,55.78,55.78,54.64,54.92,4022091,0.34706533333333334,0.826244,0.090378,1.041196,3.0,0.28367733333333334,0.8163946666666666,0.014644666666666667
2025-07-02,55.02,55.4,54.73,55.12,3779271,0.072234,0.072234,0.072234,0.072234,1.0,0.057787,0.824381,0.02454
2025-07-03,55.12,55.78,54.73,54.92,5300539,0.4594315,0.918863,0.0,0.918863,2.0,0.4594315,0.7268399999999999,0.0122635
2025-07-04,54.92,55.31,54.73,55.21,2700639,0.030199,0.030199,0.030199,0.030199,1.0,0.024159,0.858094,0.019608
2025-07-07,55.4,55.69,55.12,55.31,3769261,0.929479,0.929479,0.929479,0.929479,1.0,0.743583,0.935051,0.015707
2025-07-08,55.4,56.55,55.31,56.36,7172064,0.0,0.0,0.0,0.0,0.0,0.0,0.0,0.0
2025-07-09,56.64,57.89,56.45,57.5,9648148,0.0,0.0,0.0,0.0,0.0,0.0,0.0,0.0
2025-07-10,57.79,57.89,57.03,57.03,5254397,0.5462523333333333,0.952843,-0.176689,1.638757,3.0,0.4370016666666667,0.8312576666666667,0.054423
2025-07-11,57.6,58.08,57.12,57.12,6240382,0.87855,0.87855,0.87855,0.87855,1.0,0.87855,0.887374,0.007458
2025-07-14,57.31,58.08,56.64,57.6,6092143,0.0,0.0,0.0,0.0,0.0,0.0,0.0,0.0
2025-07-15,57.89,58.46,57.41,57.41,6562134,0.0,0.0,0.0,0.0,0.0,0.0,0.0,0.0
2025-07-16,57.31,57.5,56.93,57.41,4966353,0.8627929999999999,0.984061,0.741525,1.7255859999999998,2.0,0.7886405,0.871815,0.0593155
2025-07-17,57.6,57.89,57.12,57.41,6363587,0.899172,0.899172,0.899172,0.899172,1.0,0.899172,0.911691,0.008677
2025-07-18,57.41,58.36,57.31,57.5,5833240,0.036321,0.036321,0.036321,0.036321,1.0,0.029057,0.862391,0.023077
2025-07-21,57.6,58.08,57.31,57.31,5509591,0.0,0.0,0.0,0.0,1.0,0.0,0.57457,0.001936
2025-07-22,57.31,57.5,56.83,57.5,4741106,0.024289,0.024289,0.024289,0.024289,1.0,0.024289,0.650726,0.018547
2025-07-23,57.69,58.94,57.5,58.94,9237999,0.0,0.0,0.0,0.0,0.0,0.0,0.0,0.0
2025-07-24,59.32,61.13,59.32,60.85,13435605,0.4173568,0.953526,-0.98196,2.0867839999999998,5.0,0.41963619999999996,0.904537,0.012327800000000002
2025-07-25,60.94,60.94,60.27,60.37,5132723,0.89305,0.89305,0.89305,0.89305,1.0,0.89305,0.901119,0.02507
2025-07-28,60.46,61.04,60.18,60.46,8472643,0.084244,0.084244,0.084244,0.084244,1.0,0.067395,0.821944,0.040724
2025-07-29,60.46,61.32,59.99,60.37,10723928,-0.508367,-0.036789,-0.979945,-1.016734,2.0,-0.508367,0.907841,0.0215145
2025-07-30,60.18,60.66,59.99,60.08,6086980,0.44073599999999996,0.853355,0.028117,0.8814719999999999,2.0,0.352589,0.864347,0.062024
2025-07-31,60.18,60.66,57.69,58.46,10582428,0.253688,0.958867,-0.913722,1.014752,4.0,0.253688,0.920879,0.01233775
2025-08-01,58.65,58.65,57.31,57.31,5339082,0.4753025,0.856438,0.094167,0.950605,2.0,0.389659,0.785115,0.022783
2025-08-04,57.12,58.08,57.12,57.69,3752196,0.632202,0.632202,0.632202,0.632202,1.0,0.632202,0.659192,0.012766
2025-08-05,57.79,58.74,57.31,57.41,9574374,0.0,0.0,0.0,0.0,1.0,0.0,0.493896,0.02449
2025-08-06,57.69,58.94,57.69,58.55,5382357,-0.133894,-0.133894,-0.133894,-0.133894,1.0,-0.107116,0.739802,0.038339
2025-08-07,59.13,59.22,58.08,58.17,4748027,-0.797628,-0.797628,-0.797628,-0.797628,1.0,-0.638103,0.81807,0.027429
2025-08-08,58.27,59.03,57.89,58.08,6510574,0.950821,0.950821,0.950821,0.950821,1.0,0.950821,0.95578,0.102041
2025-08-11,58.27,59.32,58.17,58.74,5795341,0.15296025,0.611841,0.0,0.611841,4.0,0.15296025,0.574202,0.20164625
2025-08-12,59.32,59.6,58.65,59.03,5217050,-0.21746366666666664,0.908051,-0.944414,-0.6523909999999999,3.0,-0.18355933333333332,0.8446386666666666,0.016143333333333332
2025-08-13,59.22,59.32,58.08,58.36,6218119,-0.793843,-0.793843,-0.793843,-0.793843,1.0,-0.635074,0.817488,0.011429
2025-08-14,58.55,59.41,58.27,58.94,6541163,0.0,0.0,0.0,0.0,1.0,0.0,0.567984,0.019802
2025-08-15,59.22,59.41,58.27,58.27,5667842,0.7529185,0.941236,0.564601,1.505837,2.0,0.658795,0.779787,0.005254
2025-08-18,58.36,58.55,57.89,57.98,4783737,0.982632,0.982632,0.982632,0.982632,1.0,0.786105,0.985718,0.757307
2025-08-19,58.08,58.46,57.69,57.79,5264209,-0.003090000000000037,0.939147,-0.945327,-0.006180000000000074,2.0,-0.04973850000000002,0.9508345,0.019703000000000002
2025-08-20,57.79,58.17,56.93,57.31,6346136,0.0,0.0,0.0,0.0,0.0,0.0,0.0,0.0
2025-08-21,57.41,58.17,56.93,57.41,5816129,-0.917776,-0.917776,-0.917776,-0.917776,1.0,-0.734221,0.929178,0.022835
2025-08-22,57.12,57.22,55.88,56.07,7210343,0.5511095,0.977785,0.124434,1.102219,2.0,0.45333100000000004,0.8900235000000001,0.427014
2025-08-25,56.26,56.93,56.07,56.07,3365985,-0.752205,-0.752205,-0.752205,-0.752205,1.0,-0.601764,0.778117,0.021798
2025-08-26,55.97,57.41,55.88,57.03,2994293,-0.0599965,0.099429,-0.219422,-0.119993,2.0,-0.0479965,0.750309,0.041853
2025-08-27,57.03,58.46,56.83,57.79,4854223,0.0,0.0,0.0,0.0,0.0,0.0,0.0,0.0
2025-08-28,58.27,58.74,57.98,58.27,3666449,0.0104085,0.020817,0.0,0.020817,2.0,0.008327,0.663068,0.018835499999999998
2025-08-29,58.55,58.55,57.6,57.6,4172198,0.0,0.0,0.0,0.0,0.0,0.0,0.0,0.0
2025-09-03,57.6,58.74,57.6,58.74,4773459,0.0304045,0.121618,0.0,0.121618,4.0,0.0304045,0.584367,0.02246375
2025-09-04,58.94,59.7,58.74,59.03,4233882,0.008491499999999996,0.066448,-0.049465,0.01698299999999999,2.0,0.0067934999999999975,0.796083,0.0114485
2025-09-05,59.13,59.22,58.17,58.17,5364137,0.0,0.0,0.0,0.0,0.0,0.0,0.0,0.0
2025-09-08,58.17,59.13,57.89,57.89,6965675,0.0,0.0,0.0,0.0,0.0,0.0,0.0,0.0
2025-09-09,57.89,58.27,57.41,57.6,3522635,0.0,0.0,0.0,0.0,0.0,0.0,0.0,0.0
2025-09-10,57.79,57.89,57.03,57.12,3127098,0.0,0.0,0.0,0.0,0.0,0.0,0.0,0.0
2025-09-11,57.12,58.46,56.74,58.46,5005742,0.0,0.0,0.0,0.0,0.0,0.0,0.0,0.0
2025-09-12,58.55,60.66,58.27,60.37,13687337,0.1597485,0.251741,0.067756,0.319497,2.0,0.1461975,0.7797069999999999,0.020275500000000002
2025-09-15,60.56,60.66,59.99,60.27,3536437,0.24469124999999997,0.633743,0.061443,0.9787649999999999,4.0,0.1988255,0.77721325,0.01069125
2025-09-16,60.66,62.47,60.37,61.8,12690318,0.37772900000000004,0.901375,-0.145917,0.7554580000000001,2.0,0.2875915,0.7880125,0.0188725
2025-09-17,61.9,63.23,61.9,62.18,9878719,0.012515,0.02503,0.0,0.02503,2.0,0.010012,0.697483,0.019216
2025-09-18,62.18,62.37,60.66,60.75,5070426,-0.49390100000000003,-0.014286,-0.973516,-0.9878020000000001,2.0,-0.443797,0.9157905,0.008661499999999999
2025-09-19,60.94,61.04,59.22,59.22,5310507,-0.203677,-0.203677,-0.203677,-0.203677,1.0,-0.162942,0.655082,0.009646
2025-09-22,59.32,59.99,58.65,58.65,5294211,-0.0477045,0.0,-0.095409,-0.095409,2.0,-0.0381635,0.68432,0.013254
2025-09-23,58.74,59.7,58.74,58.84,3431691,-0.016931,-0.016931,-0.016931,-0.016931,1.0,-0.016931,0.850169,0.010791
2025-09-24,59.13,59.22,58.27,59.22,3219465,0.870116,0.870116,0.870116,0.870116,1.0,0.696093,0.888862,0.0
2025-09-25,59.51,59.6,58.74,58.74,2757739,0.0,0.0,0.0,0.0,0.0,0.0,0.0,0.0
2025-09-26,58.74,59.03,58.36,58.36,2494919,-0.148374,-0.148374,-0.148374,-0.148374,1.0,-0.148374,0.63114,0.012712
2025-09-29,58.36,58.46,57.5,57.6,5139527,0.0386155,0.215112,-0.137881,0.077231,2.0,0.0524035,0.7346925,0.0140565
2025-09-30,57.69,58.08,57.31,57.31,3035907,0.0,0.0,0.0,0.0,0.0,0.0,0.0,0.0
2025-10-01,57.98,59.7,57.5,59.32,4530998,0.3045233333333333,0.930511,-0.102003,0.91357,3.0,0.24928966666666666,0.8269966666666667,0.012415333333333334
2025-10-02,59.7,59.8,58.46,58.46,3409526,0.0,0.0,0.0,0.0,0.0,0.0,0.0,0.0
2025-10-03,58.55,59.51,58.46,58.55,4003694,0.0218545,0.921647,-0.877938,0.043709,2.0,0.017483000000000026,0.917898,0.0179755
2025-10-06,59.89,59.89,59.03,59.6,4058047,0.0,0.0,0.0,0.0,0.0,0.0,0.0,0.0
2025-10-07,59.89,59.89,58.65,58.65,3722157,0.018414,0.118657,-0.057951,0.055242,3.0,0.014731333333333332,0.7938196666666667,0.008492666666666667
2025-10-08,59.51,60.66,58.94,60.56,5927644,0.9123215,0.948643,0.876,1.824643,2.0,0.7298575,0.918153,0.010135499999999999
2025-10-09,60.56,60.66,59.8,60.08,3303747,0.135865,0.135865,0.135865,0.135865,1.0,0.135865,0.760157,0.01049
2025-10-10,60.56,60.56,59.6,59.6,4980079,0.006547,0.006547,0.006547,0.006547,1.0,0.005238,0.821424,0.015385
2025-10-13,59.41,61.23,59.03,61.13,6315036,0.0,0.0,0.0,0.0,0.0,0.0,0.0,0.0
2025-10-14,61.51,61.51,60.46,60.66,5368265,0.794626,0.794626,0.794626,0.794626,1.0,0.794626,0.805434,0.005854
2025-10-15,60.94,61.51,60.75,60.75,4653477,0.0,0.0,0.0,0.0,0.0,0.0,0.0,0.0
2025-10-16,60.8,61.2,60.2,61.2,5180885,0.0,0.0,0.0,0.0,1.0,0.0,0.486533,0.005291
2025-10-17,61.0,61.2,58.8,58.8,6054177,0.0,0.0,0.0,0.0,0.0,0.0,0.0,0.0
2025-10-20,58.9,59.4,55.0,55.0,8762669,0.087144,0.087144,0.087144,0.087144,1.0,0.087144,0.803932,0.018987
2025-10-21,56.1,58.0,56.1,56.5,7079112,-0.106552,0.0,-0.213104,-0.213104,2.0,-0.106552,0.618053,0.003363
2025-10-22,57.1,57.3,55.7,56.3,3863715,0.0,0.0,0.0,0.0,0.0,0.0,0.0,0.0
2025-10-23,56.5,57.1,56.3,56.6,2331775,0.0,0.0,0.0,0.0,0.0,0.0,0.0,0.0
2025-10-24,56.9,58.1,56.1,58.1,3966518,0.0,0.0,0.0,0.0,0.0,0.0,0.0,0.0
2025-10-27,58.4,58.4,57.0,57.0,3010562,0.0,0.0,0.0,0.0,0.0,0.0,0.0,0.0
2025-10-28,57.2,57.4,56.8,57.4,2083083,0.0,0.0,0.0,0.0,0.0,0.0,0.0,0.0
2025-10-29,57.5,57.9,57.1,57.5,1973000,0.0,0.0,0.0,0.0,0.0,0.0,0.0,0.0
2025-10-30,57.8,57.9,57.0,57.1,1905200,0.0,0.0,0.0,0.0,0.0,0.0,0.0,0.0
2025-10-31,57.4,57.7,57.1,57.6,2641500,-0.970223,-0.970223,-0.970223,-0.970223,1.0,-0.776178,0.977168,0.009852
2025-11-03,57.7,58.3,57.3,57.3,2642700,0.0,0.0,0.0,0.0,1.0,0.0,0.52277,0.006276
2025-11-04,57.6,57.9,56.3,57.3,4175200,0.0,0.0,0.0,0.0,0.0,0.0,0.0,0.0
2025-11-05,57.3,58.5,57.1,58.0,3831600,0.0,0.0,0.0,0.0,0.0,0.0,0.0,0.0
2025-11-06,58.0,58.5,57.6,58.0,2241200,0.0,0.0,0.0,0.0,1.0,0.0,0.588264,0.024242
2025-11-07,57.6,58.4,57.5,57.6,3251100,0.0,0.0,0.0,0.0,0.0,0.0,0.0,0.0
2025-11-10,57.7,57.9,57.0,57.0,2675800,-0.488307,0.0,-0.976614,-0.976614,2.0,-0.3906455,0.741595,0.0188635
2025-11-11,57.0,59.0,57.0,58.9,5152700,0.1319835,0.263967,0.0,0.263967,2.0,0.105587,0.601301,0.013991
2025-11-12,58.8,60.0,58.5,59.8,5161900,0.0,0.0,0.0,0.0,1.0,0.0,0.525296,0.010889
2025-11-13,59.8,62.0,59.7,61.8,9741800,0.29244075,0.882306,-0.090361,1.169763,4.0,0.27790125,0.778466,0.01472425
2025-11-14,61.7,63.3,61.6,62.8,10146900,-0.08503899999999998,0.692335,-0.939345,-0.2551169999999999,3.0,-0.036178999999999996,0.8433633333333334,0.020069666666666666
2025-11-17,62.9,63.3,61.8,62.1,4198400,0.17309075,0.790767,-0.175393,0.692363,4.0,0.17801099999999997,0.73766425,0.011435500000000001
2025-11-18,62.0,62.3,60.5,60.7,5559900,0.101198,0.257223,-0.029764,0.303594,3.0,0.09556833333333332,0.799334,0.016647
2025-11-19,60.7,61.9,60.5,60.9,4458500,0.221716,0.221716,0.221716,0.221716,1.0,0.221716,0.713358,0.00546
2025-11-20,61.4,61.6,60.5,60.7,2656100,0.0,0.0,0.0,0.0,0.0,0.0,0.0,0.0
2025-11-21,60.3,60.7,59.7,59.9,4191100,0.06409,0.06409,0.06409,0.06409,1.0,0.06409,0.84634,0.007299
2025-11-24,60.1,63.4,60.1,63.0,9900300,0.049616,0.066816,0.033014,0.148848,3.0,0.04516166666666666,0.8338776666666666,0.26269133333333333
2025-11-25,63.0,63.2,61.9,61.9,4907900,-0.001939,0.0,-0.003878,-0.003878,2.0,-0.001551,0.6860385,0.017487
2025-11-26,62.3,63.2,62.3,62.8,3651000,0.576355,0.576355,0.576355,0.576355,1.0,0.576355,0.600678,0.006969
2025-11-27,63.0,63.4,62.0,62.0,3962300,0.119271,0.119271,0.119271,0.119271,1.0,0.095417,0.791752,0.026144
2025-11-28,62.2,64.5,62.2,64.0,11898300,0.1030095,0.721448,-0.3005,0.412038,4.0,0.11848,0.7603785,0.19509700000000002
2025-12-01,64.3,65.9,64.3,64.9,9107300,0.415534,0.962669,0.060252,1.246602,3.0,0.3473393333333333,0.829266,0.015837
2025-12-02,64.8,65.6,64.5,65.0,6764300,0.042492,0.842155,-0.97072,0.254952,6.0,0.030402333333333333,0.8255374999999999,0.020944333333333332
2025-12-03,65.1,65.2,64.0,64.6,5383600,0.0,0.0,0.0,0.0,1.0,0.0,0.527123,0.009788
2025-12-04,65.0,65.1,63.4,63.4,5918000,0.918956,0.918956,0.918956,0.918956,1.0,0.735165,0.92459,0.011152
2025-12-05,63.6,64.5,63.4,63.4,3598900,0.468148,0.936296,0.0,0.936296,2.0,0.3745185,0.7154659999999999,0.010496499999999999
2025-12-08,63.3,64.5,63.2,63.5,3322000,0.0,0.0,0.0,0.0,0.0,0.0,0.0,0.0
2025-12-09,63.5,64.1,62.5,62.5,5389200,0.0,0.0,0.0,0.0,0.0,0.0,0.0,0.0
2025-12-10,62.4,64.5,62.3,63.1,3470500,0.101455,0.120075,0.082835,0.20291,2.0,0.09317149999999999,0.807566,0.0531745
2025-12-11,63.0,63.5,61.5,61.5,4852300,-0.367212,0.21372,-0.965908,-1.468848,4.0,-0.34206499999999995,0.716756,0.0123875
2025-12-12,61.7,62.0,60.2,60.2,4396400,-0.042056,-0.042056,-0.042056,-0.042056,1.0,-0.033645,0.811079,0.014634
2025-12-15,60.3,62.6,60.3,62.0,4242600,0.0,0.0,0.0,0.0,0.0,0.0,0.0,0.0
2025-12-16,62.0,64.4,61.7,64.2,6863300,0.0,0.0,0.0,0.0,0.0,0.0,0.0,0.0
2025-12-17,64.1,64.1,62.9,62.9,2090400,0.0,0.0,0.0,0.0,0.0,0.0,0.0,0.0
2025-12-18,63.6,64.0,62.9,63.9,3065000,0.0,0.0,0.0,0.0,0.0,0.0,0.0,0.0
2025-12-19,63.7,64.0,63.0,64.0,2685700,0.0,0.0,0.0,0.0,0.0,0.0,0.0,0.0
2025-12-22,63.9,63.9,63.1,63.2,2650700,0.0,0.0,0.0,0.0,0.0,0.0,0.0,0.0
2025-12-23,63.5,64.1,62.3,62.6,4394700,0.0,0.0,0.0,0.0,0.0,0.0,0.0,0.0
2025-12-24,62.8,62.9,61.5,61.5,4870200,0.0,0.0,0.0,0.0,0.0,0.0,0.0,0.0
2025-12-25,61.6,62.3,61.3,61.3,2059600,0.0,0.0,0.0,0.0,0.0,0.0,0.0,0.0
2025-12-26,61.6,62.3,61.2,61.5,2399200,0.0,0.0,0.0,0.0,0.0,0.0,0.0,0.0
2025-12-29,61.5,62.2,61.4,62.1,1943000,0.0,0.0,0.0,0.0,0.0,0.0,0.0,0.0
2025-12-30,62.1,62.3,61.7,61.8,1581000,0.0,0.0,0.0,0.0,0.0,0.0,0.0,0.0
2025-12-31,61.9,62.0,61.2,61.2,1879600,0.0,0.0,0.0,0.0,0.0,0.0,0.0,0.0
2026-01-05,61.3,61.5,60.0,60.3,2814700,0.0,0.0,0.0,0.0,0.0,0.0,0.0,0.0
2026-01-06,60.5,60.9,60.3,60.8,2963300,0.0,0.0,0.0,0.0,0.0,0.0,0.0,0.0
2026-01-07,60.8,61.5,60.5,60.9,3228100,0.0,0.0,0.0,0.0,0.0,0.0,0.0,0.0
2026-01-08,61.1,63.4,61.1,62.2,5636400,0.0,0.0,0.0,0.0,0.0,0.0,0.0,0.0
2026-01-09,62.4,62.5,61.0,61.0,4184100,0.0,0.0,0.0,0.0,0.0,0.0,0.0,0.0
2026-01-12,61.1,62.7,61.1,62.7,4146300,0.0,0.0,0.0,0.0,0.0,0.0,0.0,0.0
2026-01-13,62.9,64.9,62.8,63.3,6761300,0.0,0.0,0.0,0.0,0.0,0.0,0.0,0.0
2026-01-14,63.6,67.7,63.4,67.7,24838300,0.0,0.0,0.0,0.0,0.0,0.0,0.0,0.0
2026-01-15,70.0,72.4,69.5,71.0,19260600,0.0,0.0,0.0,0.0,0.0,0.0,0.0,0.0
2026-01-16,71.1,73.0,69.1,69.6,13372500,0.0,0.0,0.0,0.0,0.0,0.0,0.0,0.0
2026-01-19,69.8,71.0,68.3,70.6,10385300,0.0,0.0,0.0,0.0,0.0,0.0,0.0,0.0
2026-01-20,71.5,75.5,71.1,73.4,21521900,0.0,0.0,0.0,0.0,0.0,0.0,0.0,0.0
2026-01-21,73.0,73.0,70.0,70.3,11234100,0.0,0.0,0.0,0.0,0.0,0.0,0.0,0.0
2026-01-22,71.1,72.8,70.0,70.9,8055200,0.0,0.0,0.0,0.0,0.0,0.0,0.0,0.0
2026-01-23,69.4,70.1,67.2,67.2,16050400,0.0,0.0,0.0,0.0,0.0,0.0,0.0,0.0
2026-01-26,67.4,69.3,67.4,68.9,8864800,0.0,0.0,0.0,0.0,0.0,0.0,0.0,0.0
2026-01-27,68.4,68.6,66.1,67.7,8357800,0.0,0.0,0.0,0.0,0.0,0.0,0.0,0.0
2026-01-28,67.7,69.5,67.2,67.7,9816800,0.0,0.0,0.0,0.0,0.0,0.0,0.0,0.0
2026-01-29,68.5,71.1,67.9,71.1,10036800,0.0,0.0,0.0,0.0,0.0,0.0,0.0,0.0
2026-01-30,71.5,72.5,70.5,70.6,7844800,0.0,0.0,0.0,0.0,0.0,0.0,0.0,0.0
2026-02-02,70.9,72.6,70.3,72.6,10777700,0.0,0.0,0.0,0.0,0.0,0.0,0.0,0.0
2026-02-03,72.9,73.6,71.3,71.6,7261000,0.0,0.0,0.0,0.0,0.0,0.0,0.0,0.0
2026-02-04,71.8,72.6,70.8,72.0,7672500,0.0,0.0,0.0,0.0,0.0,0.0,0.0,0.0
2026-02-05,71.9,72.2,69.1,69.1,8057000,0.0,0.0,0.0,0.0,0.0,0.0,0.0,0.0
2026-02-06,68.3,70.7,68.2,69.1,6695900,0.0,0.0,0.0,0.0,0.0,0.0,0.0,0.0
2026-02-09,69.4,70.4,69.3,69.6,2573300,0.0,0.0,0.0,0.0,0.0,0.0,0.0,0.0
2026-02-10,69.6,70.5,68.1,68.4,5090400,0.0,0.0,0.0,0.0,0.0,0.0,0.0,0.0
2026-02-11,68.4,69.9,68.4,69.1,2672900,0.0,0.0,0.0,0.0,0.0,0.0,0.0,0.0
2026-02-12,69.3,69.8,69.0,69.0,1951100,0.0,0.0,0.0,0.0,0.0,0.0,0.0,0.0
2026-02-13,69.0,69.8,68.6,69.5,3341400,0.0,0.0,0.0,0.0,0.0,0.0,0.0,0.0
2026-02-23,70.0,71.3,69.8,70.6,4211800,0.0,0.0,0.0,0.0,0.0,0.0,0.0,0.0
2026-02-24,70.6,71.3,70.2,70.2,3552500,0.0,0.0,0.0,0.0,0.0,0.0,0.0,0.0
2026-02-25,70.4,73.4,70.4,72.3,9804200,0.0,0.0,0.0,0.0,0.0,0.0,0.0,0.0
2026-02-26,71.2,71.4,69.6,70.6,14298200,0.0,0.0,0.0,0.0,0.0,0.0,0.0,0.0
2026-02-27,70.2,70.6,68.0,68.2,13371400,0.0,0.0,0.0,0.0,0.0,0.0,0.0,0.0
2026-03-02,66.9,69.8,66.5,66.6,12468700,0.0,0.0,0.0,0.0,0.0,0.0,0.0,0.0
2026-03-03,66.6,67.3,63.4,63.4,17815700,0.0,0.0,0.0,0.0,0.0,0.0,0.0,0.0
2026-03-04,63.4,64.9,62.0,64.9,13382500,0.0,0.0,0.0,0.0,0.0,0.0,0.0,0.0
2026-03-05,65.0,65.2,63.0,63.2,8165700,0.0,0.0,0.0,0.0,0.0,0.0,0.0,0.0
2026-03-06,63.0,63.0,62.2,62.4,6471800,0.0,0.0,0.0,0.0,0.0,0.0,0.0,0.0
2026-03-09,59.0,59.1,58.1,58.1,18046300,0.0,0.0,0.0,0.0,0.0,0.0,0.0,0.0
2026-03-10,60.0,62.1,59.5,62.1,10762100,0.0,0.0,0.0,0.0,0.0,0.0,0.0,0.0
2026-03-11,61.7,63.7,61.6,63.0,7507500,0.0,0.0,0.0,0.0,0.0,0.0,0.0,0.0
2026-03-12,62.0,62.7,61.3,61.6,6298800,0.0,0.0,0.0,0.0,0.0,0.0,0.0,0.0
2026-03-13,62.0,63.2,61.6,63.1,5388500,0.0,0.0,0.0,0.0,0.0,0.0,0.0,0.0
2026-03-16,62.6,62.9,61.7,61.8,2965000,0.0,0.0,0.0,0.0,0.0,0.0,0.0,0.0
