Date,Header,Content
2009-04-26,Buôn khống cổ phiếu OTC: Chết có ngày!,Buôn khống cổ phiếu OTC: Chết có ngày!
2009-08-20,Cổ phiếu vàng trên thị trường OTC,Cổ phiếu vàng trên thị trường OTC
2011-11-01,Biển Đông : Trung Quốc gián tiếp đe dọa tập đoàn dầu khí Mỹ Exxon,Biển Đông : Trung Quốc gián tiếp đe dọa tập đoàn dầu khí Mỹ Exxon
2012-05-08,Exxon Mobil soán ngôi Walmart để đứng đầu Fortune 500,"TIN MỚI Kết quả kinh doanh của Exxon Mobil trong năm 2011 cực kỳ ấn tượng, với giá cổ phiếu tăng 20%, lợi nhuận tăng mạnh đến 35% đạt mức 41,1 tỉ USD và doanh số nhảy vọt 28% lên mức 453 tỉ USD. Theo CNN Money, chính cơn sốt giá dầu trong thời gian gần đây, nhất là trong ba tháng cuối năm 2011, đã đem về cho Exxon Mobil những khoản lợi nhuận khổng lồ. Ngoài ra, tập đoàn này cũng đã nhanh nhạy sử dụng kỹ thuật fracking để tăng cường khai thác khí đốt tự nhiên. Đây là kỹ thuật bơm một lượng lớn nước trộn với cát và hóa chất với áp suất cao xuống lòng đất để cắt phá đá phiến sét, qua đó giải phóng dầu và khí đốt bị kẹt lại trong lớp đất đá này. Sản lượng khai thác khí đốt của Exxon Mobil hiện cũng cao ngang ngửa với sản lượng sản xuất dầu nhờ thương vụ thâu tóm công ty năng lượng XTO Energy trị giá 35 tỉ USD trong năm 2010. Rex W.Tillerson, Tổng giám đốc Exxon Mobil nói với tạp chí Fortune rằng việc khai thác dầu và khí đốt bằng fracking sẽ được đẩy mạnh do nhu cầu năng lượng toàn cầu sẽ tăng đáng kể trong một vài thập niên tới. Tập đoàn bán lẻ Walmart rơi xuống vị trí thứ 2 sau hai năm liên tiếp thống trị bảng xếp hạng. Tập đoàn này đã buộc phải hạ mạnh giá bán nhằm thúc đẩy doanh số đang trong đà suy giảm tại chuỗi cửa hàng ở Mỹ. Điều này giúp làm tăng doanh số bán hàng trong năm 2011 lên thêm 6%, nhưng khiến lợi nhuận giảm 4,6% xuống còn 15,7 tỉ USD. Trong khi đó, công việc kinh doanh của Walmart tại nước ngoài vẫn phát đạt, với doanh số bán hàng ngoài thị trường Mỹ năm ngoái tăng 13%, lên mức 35,3 tỉ USD. Tuy nhiên, Walmart hiện đang gặp trở ngại tại thị trường quan trọng Mexico sau vụ bê bối hối lộ của chi nhánh tại đây. Chevron, tập đoàn dầu khí lớn thứ hai của Mỹ, đứng yên ở vị trí thứ ba trong bảng xếp hạng năm nay. Mặc dù giá dầu tăng, nhưng vào quý bốn năm ngoái, Chevron lại chịu một khoản lỗ lớn nhất trong hai năm vừa qua, chủ yếu là do tình hình kinh doanh ảm đạm của mảng lọc dầu tại Mỹ. Hiện tập đoàn này đang chi mạnh tay cho các dự án khai thác dầu khí tại Úc, châu Phi và vịnh Mexico. Các dự án này dự kiến sẽ bắt đầu sinh lời vào năm 2014. Ngoài ra, Chevron đang phải bận rộn với cuộc chiến pháp lý tại Brazil nơi mà tập đoàn này bị kiện vì sự cố tràn dầu cuối năm 2011 với số tiền bồi thường lên đến 11 tỉ USD. Đứng ở vị trí thứ 4 cũng là một công ty khai thác dầu khí - ConocoPhillips. Trong năm ngoái, công ty này đã khiến các nhà đầu tư lại “tròn xoe mắt” khi tuyên bố sẽ tách ra thành 2 công ty, bao gồm một công ty chuyên về tìm kiếm sản xuất dầu khí và một công ty chuyên về lọc dầu và marketing với tên gọi Phillips 66. Việc phân tách sau đó đã diễn ra vào ngày 30.4.2012. Lãnh đạo ConocoPhillips hy vọng bước đi này sẽ giúp cải thiện khả năng cạnh tranh của công ty trên thị trường toàn cầu và thu hút thêm được nhiều nhà đầu tư. Xếp sau ConocoPhillips là General Motors. Hãng sản xuất xe hơi lớn nhất nước Mỹ đã nhảy từ vị trí thứ 8 lên vị trí thứ 5 trong bảng xếp hạng năm nay. Cách đây hai năm, hãng này buộc phải đệ đơn xin bảo hộ phá sản; nhưng trong năm 2011, General Motors đã thể hiện một sự hồi phục đáng nể. Lợi nhuận của General Motors vào năm ngoái tăng vọt 49% lên mức 9,2 tỉ USD, trong khi doanh số tăng 11% lên mức 150,3 tỉ USD. General Motors cũng giành lại được danh hiệu hãng sản xuất xe có doanh số cao nhất thế giới mà Toyota đoạt lấy vào năm 2008. Ngoài ra, các tập đoàn sừng sỏ khác như quỹ đầu tư Berkshire Hathaway của tỷ phú Warren Buffett, hãng sản xuất máy tính Dell và tập đoàn sản xuất thiết bị công nghệ Apple cũng có tên trong danh sách Fortune 500. Được biết, bảng xếp hạng Fortune 500 được tạo ra dựa trên doanh thu và lợi nhuận trong một năm của các doanh nghiệp Mỹ. Bảng xếp hạng đầu tiên được công bố vào năm 1955. Danh sách 10 doanh nghiệp Mỹ có kết quả kinh doanh tốt nhất trong năm 2011, theo Fortune: Hạng Tên công ty Doanh số (tỉ USD) Lợi nhuận (tỉ USD) 1 Exxon Mobil 453 41,1 2 Walmart 447 15,7 3 Chevron 246 27 4 ConocoPhillips 237 12,4 5 General Motors 150 9,2 6 General Electric 148 14 7 Berkshire Hathaway 144 10 8 Fannie Mae 137 16,7 9 Ford Motor 136 20,2 10 Hewlett-Packard 127 7,1 Theo Hoàng Uy Thanh niên"
2012-08-27,Exxon Mobil và quyền lực năng lượng,"TIN MỚI Khi châu Âu lao vào cuộc đua tranh giành thuộc địa nhiều thế kỷ trước, các công ty thương mại thời đó, nổi bật nhất là công ty Đông Ấn của Anh đã là lực lượng đi tiên phong, mở đường cho công cuộc xâm chiếm thuộc địa của các đế quốc. Các công ty này có một mạng lưới quân đội riêng và có rất nhiều ảnh hưởng tới chính phủ ở ""mẫu quốc"", họ sử dụng tiền của chính phủ để vừa thực hiện tham vọng của các đế quốc và vừa nhằm phục vụ mục tiêu thu lợi nhuận về cho công ty. Những đế chế như vậy vẫn tồn tại trong xã hội hiện nay dưới dạng các tập đoàn, công ty đa quốc gia, với các hoạt động tinh vi hơn và quy mô hoạt động cũng rộng lớn hơn, tầm ảnh hưởng của các công ty này đã vượt qua biên giới một quốc gia. Exxon Mobil, tập đoàn năng lượng khổng lồ của Mỹ, là một trong số đó. Tập đoàn số 1 của Mỹ Năm 2011, nhờ cơn sốt giá dầu trên thị trường thế giới,doanh thu của Exxon Mobil đã đạt hơn 450 tỷ USD, vượt qua hãng bán lẻ Walmart để dẫn đầu danh sách 500 công ty hàng đầu nước Mỹ do tạp chí Fortune bình chọn. Kết quả kinh doanh của Exxon Mobil cực kỳ ấn tượng, giá cổ phiếu tăng 20%, lợi nhuận tăng mạnh đến 35% đạt mức 41,1 tỉ USD và doanh số nhảy vọt 28% lên mức 453 tỉ USD. Sản lượng khai thác khí đốt của Exxon Mobil hiện cũng cao ngang ngửa với sản lượng sản xuất dầu nhờ thương vụ thâu tóm công ty năng lượng XTO Energy trị giá 35 tỉ USD trong năm 2010. Tới nay tập đoàn hùng mạnh này đã bành trướng đế chế của mình tới 200 quốc gia và vùng lãnh thổ và có một chính sách đối ngoại riêng sặc mùi thương mại. Chính sách đối ngoại này được điều hành bởi có một đội ngũ rất chuyên nghiệp, đa số là những thành viên của Hội đồng an ninh quốc gia và Bộ Ngoại giao Mỹ. Chính sách của Exxon Mobil về cơ bản gắn liền với đường lối của chính quyền Mỹ nhưng nếu không phù hợp với lợi ích của mình, tập đoàn này sẵn sàng phớt lờ giới chức chính quyền. Chính cựu Giám đốc điều hành Raymond của Exxon từng tuyên bố ""Chúng tôi không phải là một công ty Mỹ và những quyết định của chúng tôi không hoàn toàn dựa trên những lợi ích cho nước Mỹ"". Một bức điện tín bị rò rỉ từ Đại sứ quán Mỹ tại Cộng hòa Tchad cho hay Exxon Mobil đã không thể hiện sự tôn trọng đúng mức đối với giới ngoại giao Mỹ tại Tchad. Có lẽ bởi một điều rất đơn giản là giá trị đầu tư của Exxon vào dự án dầu mỏ Tchad-Cameroun đã vượt qua cả viện trợ thường niên của Mỹ vào quốc gia Trung Phi này, 4,2 tỷ USD so với 3 tỷ USD. Exxon cũng không mấy mặn mà với chiến dịch tấn công quân sự vào Iraq và là một trong số ít các tập đoàn năng lượng không nhiệt thành ủng hộ chính quyền Bush đánh quốc gia Trung Đông nhiều dầu mỏ này. Nguyên nhân có lẽ là do Exxon biết dù ai nắm quyền ở Iraq cũng sẽ phải cần tới công nghệ và vốn của Exxon Mobil. Giống như nhiều tập đoàn hùng mạnh khác, Exxon Mobil cũng xây dựng lực lượng an ninh riêng để bảo vệ các lợi ích kinh tế của mình. Tại Cộng hòa Tchad, đế chế này sử dụng 2.500 nhân viên an ninh tuần tra trên các xe được trang bị điện đàm để ngăn chặn các cuộc tấn công hay xâm phạm của lực lượng quân du kích địa phương. Ngoài ra, Exxon Mobil còn tiến hành các điệp vụ tình báo được đánh giá là còn lớn và chuyên nghiệp hơn cả CIA.Tại khu vực châu thổ sông Niger, Exxon cung cấp tàu thuyền cho quân đội nước này, giúp triển khai các trạm tuần tra trên biển để ngăn chặn cướp biển và ""tuyển dụng, trả lương, trang bị và quản lý các đơn vị quân đội, cảnh sát của Niger"". Tầm ảnh hưởng và chi phối của Exxon Mobil tại Niger lớn tới mức trên tất cả các bộ sắc phục của cảnh sát nước này đều có logo con ngựa bay của hãng. Tại Aceh, Indonesia, Mobil còn giành phần trả luơng cho các thành viên của lực lượng chống phiến quân ở quốc gia vạn đảo. Các khoản đầu tư này không hề bị dừng lại ngay cả khi quan hệ giữa Mỹ và Indonesia bị trục trặc và Mỹ ngừng tài trợ quân sự cho Indonesia. Lợi nhuận là trên hết Tại Washington, Exxon Mobil liên tục tiến hành các chiến dịch vận động hành lang rất rầm rộ nhằm giữ mức thuế đánh vào dầu mỏ và khí đốt ở mức thấp. Ngoài ra, tập đoàn còn có những khoản ""đầu tư"" rất chiến lược là hỗ trợ các ứng viên Tổng thống, các thành viên của Quốc hội Mỹ trong các đợt tranh cử để các chính trị gia hàng đầu này biết ơn và sẽ bảo vệ quyền lợi của Exxon - một dạng đầu cơ chính trị. Là nguyên nhân của hiện tượng nóng lên toàn cầu và nhiều vụ tràn dầu lịch sử song trong nhiều năm qua, các hãng dầu mỏ đã tuyên bố rằng sự tác động của con người tới hiện tượng ấm dần lên của Trái đất là không đáng kể và đã đầu tư hàng triệu đô la vào các cơ quan nghiên cứu để cho ra những báo cáo khẳng định nhận định này của họ là đúng. Cũng trong suốt thời gian qua, Exxon Mobil đã tiến hành một cách khéo léo nhiều cuộc vận động nhằm hạn chế sự công kích của dư luận từ góc nhìn kể trên, đồng thời nhấn mạnh rằng kinh tế thế giới luôn cần một lượng lớn dầu mỏ và khí ga. Đáng buồn là điều này đúng. Giới lãnh đạo của Exxon Mobil không hề quan tâm tới những lo lắng của người dân về hiện tượng biến đổi khí hậu, với họ lợi nhuận thu về từ dầu mỏ mới là quan trọng nhất. Tập đoàn này có những cách truyền thông và định hướng tình cảm dư luận rất ""chu đáo"". Chẳng hạn, sau vụ tràn dầu lịch sử do Exxon gây ra tại Maryland khi làm tràn 24.000 gallon dầu vào nguồn cung cấp nước của tiểu bang này và phải trả những khoản bồi thường theo phán quyết của tòa án, tập đoàn đã bí mật thuê giáo sư danh tiếng tại đại học Wisconsin (và có thể còn nhiều người khác) để viết những bài báo biện minh cho hoạt động của mình. Những hoạt động ám muội này gần đây đã được nhà báo kỳ cựu của tờ New York Times, Steve Coll, tác giả của hai cuốn sách đoạt giải Pulitzer""The Bin Ladens"" (2008) và ""Ghost Wars"" (2004), ghi lại chi tiết trong cuốn sách mới nhất của mình mang tên ""Private Empire"". Theo A Vũ Vietnamnet"
2012-11-13,Nghề môi giới chứng khoán trước sóng gió thị trường,Nghề môi giới chứng khoán trước sóng gió thị trường
2013-01-29,20 năm cuộc đua giá trị Apple - Exxon Mobil,"TIN MỚI Tuần trước, giá cổ phiếu của Apple sụt tới 14,4% xuống còn 440,13 USD/cổ phiếu. Với mức giảm giá cổ phiếu này, giá trị vốn hóa của Apple chỉ còn 413 tỷ USD, kém 4 tỷ USD so với giá trị vốn hóa của Exxon (417 tỷ USD tính tới ngày 25/1). Ngôi vị quán quân trên thị trường chứng khoán Mỹ về giá trị vốn hóa thị trường đã được trả lại cho ""cựu vương"" Exxon, sau khi bị Apple giữ suốt năm. Việc Apple mất ngôi đầu về giá trị vốn hóa thị trường cho thấy sự đi xuống của cổ phiếu hãng công nghệ này chỉ trong một thời gian ngắn, khi liên tục chịu sức ép từ các chuyên gia phân tích thị trường đối với tình hình lỗ lãi kinh doanh trong quý cuối cùng của năm 2012 cũng như những dự báo kém tươi sáng về triển vọng thời gian tới. Bảng so sánh tình hình giao dịch giá cổ phiếu Apple (đường màu xanh) và Exxon (đường màu cam) trong vòng 20 năm qua - Ảnh: SAI. Tập đoàn dầu khí Exxon Mobil đã giữ vững ngôi vị công ty có giá trị vốn hóa thị trường lớn nhất trên thị trường chứng khoán Mỹ trong một giai đoạn dài, từ năm 2006 cho tới cuối tháng 1 năm ngoái. Trong cả năm 2011, Exxon đã liên tục bị Apple chèn ép, tới 6 lần, nhưng khả năng duy trì ở mức giá cao của cổ phiếu Apple không ổn định. Chỉ tới tận ngày 25/1/2012, ngôi vương này mới lọt vào tay Apple. Chuyên gia John Stoltzfus của Oppenheimer mới đây đã đưa ra một biểu đồ so sánh sự lên xuống về giá cổ phiếu của hãng công nghệ Apple và tập đoàn dầu khí Mỹ Exxon. Nhìn vào biểu đồ này có thể thấy, giá cổ phiếu của Exxon tăng rất ổn định, ít cao trào. Giai đoạn giá cổ phiếu Exxon lên cao nhất nằm trong khoảng giữa năm 2007 và 2009, nhưng sau đó giảm dần cho tới đầu năm 2011 thì lại nâng dần. Ngược lại, cổ phiếu Apple lại đì đẹt suốt một chặng đường dài, từ năm 1993 cho tới đầu 2005. Giai đoạn từ 2007 đến 2009, cổ phiếu của hãng công nghệ này cũng có sự biến động nhưng không tạo được cao trào nào đáng kể. Bắt đầu từ năm 2009 cho tới năm ngoái, cổ phiếu Apple liên tục leo dốc theo chiều thẳng đứng và lập đỉnh vào giữa tháng 9/2012. Từ cuối 2012 tới nay, giá cổ phiếu này rơi tự do. Từ biểu đồ so sánh cho thấy, giá cổ phiếu của Apple thực tế mới vượt lên trước Exxon trong một thời gian ngắn và thiếu ổn định, tăng rất mạnh nhưng giảm cũng rất sâu. Trong khi đó, cổ phiếu của Exxon dao động khá nhịp nhàng, những biến động lớn không quá sốc, mà có vẻ theo tính chu kỳ, quãng trống giữa các đợt lên xuống không quá dài, không tạo ra những hình tháp đột biến khiến nhà đầu tư lo sợ. Những phân tích khác về thị phần thiết bị di động chạy nền tảng iOS và Android được công bố mới đây, cũng cho thấy sự đi xuống của giá cổ phiếu Apple là chuyện dễ hiểu. Theo công bố của hãng nghiên cứu Strategy Analytics, trong quý cuối năm 2012, doanh số bán các sản phẩm chạy nền tảng Android dẫn đầu thị trường với 152,1 triệu máy, gần gấp đôi số lượng 80,6 triệu máy trong cùng kì năm 2011. Thị phần của Android tăng từ 51% của quý 4/2011 lên 70% quý 4/2012. Tính cả năm, các hãng sản xuất điện thoại chạy nền tảng Android đã xuất xưởng được gần nửa tỷ smartphone. Trong khi đó, về phía Apple, trong 3 tháng cuối năm, hãng xuất xưởng 47,8 triệu iPhone, chiếm 22% thị phần, giảm từ 24% của cùng kì năm 2011. Mặc dù vẫn chiếm vị trí cao, nhưng rõ ràng thị phần của Apple đã giảm sút. Theo nhà phân tích Neil Mawston của Strategy Analytics, ngôi vị đầu bảng của Android là không có gì bàn cãi. Trong một bài viết mới đây, hãng tin Reuters cũng nhấn mạnh tới sự nhàm chán của iPhone cùng với việc ngày càng nhiều thiết bị cạnh tranh được tung ra thị trường, người dùng đã bắt đầu tìm đến thương hiệu khác, đặc biệt là sự trỗi dậy của Samsung khiến thị phần Apple đang bị mất đáng kể. “Apple vẫn được xem là thương hiệu danh giá, nhưng hiện tại đã có quá nhiều smartphone thời thượng khác khiến sức cạnh tranh trên thị trường ngày càng khốc liệt”, Tom Clayton, Giám đốc điều hành công ty Bubble Motion ở Singapore phát triển mạng xã hội địa phương Bubbly, nói với hãng tin Reuters. Sự lu mờ của thương hiệu Apple có thể nhìn thấy một cách rõ ràng ở nhiều thị trường quan trọng. Tuy nhiên, tất cả những phân tích ở trên chưa hẳn đã đúng. Apple từng là ""người tiên phong"" trong lĩnh vực công nghệ thời thượng và cổ phiếu của hãng vẫn được xem là hàng ""hot"" trên thị trường. Việc Apple mất ngôi quán quân về giá trị vốn hóa thị trường vào tay Exxon có thể không hề kéo dài. Lấy ví dụ phiên hôm qua (28/1), giá cổ phiếu này bật hơn 2%, làm co rút khoảng chênh giá trị so với Exxon. Theo Hải Yến VnEconomy"
2013-04-08,Những tập đoàn xăng dầu bá chủ thế giới,Những tập đoàn xăng dầu bá chủ thế giới
2013-11-15,Warren Buffett bỏ hơn 3 tỷ USD mua cổ phiếu Exxon Mobil,"TIN MỚI Tập đoàn Berkshire Hathaway của tỷ phú lừng danh vừa mua lại 3,7 tỷ USD cổ phần của Exxon Mobil Corp. Đây là thương vụ mua cổ phiếu lớn nhất kể từ khi Berkshire mua cổ phần của IBM năm 2011. Theo tài liệu vừa được nộp lên cơ quan quản lý, tính đến ngày 30/9, Buffett sở hữu 40,1 triệu cổ phiếu của Exxon. Kết thúc phiên hôm qua, cổ phiếu của công ty dầu mỏ lớn nhất thế giới (tính theo giá trị thị trường) đóng cửa ở mức 93,22 USD/cổ phiếu. Sau khi thông tin trên được công bố, cổ phiếu của Exxon tiếp tục tăng lên 93,90 USD trong những giờ giao dịch ngoài giờ. Theo David Kass – chuyên gia đến từ ĐH Maryland, Buffett nhận định cổ phiếu của Exxon Mobil vẫn ở dưới giá trị và phần lớn thị trường đang bỏ qua nó. Buffett cũng hiểu rất rõ về công ty này. Exxon được thành lập từ những năm 1880 và là một trong những công ty năng lượng hoạt động hiệu quả nhất trên thế giới. Chi phí khai thác dầu mỏ của Exxon chỉ ở mức 19,27 USD/thùng trong khi của Chevron và BP lần lượt là 21,48 và 22,66 USD. Từ lâu nay Buffett đã tham gia đầu tư trên thị trường năng lượng và gặt hái được cả thành công cũng như thất bại. Năm 2007, ông thắng lớn khi bán cổ phần của PetroChina sau khi giá cổ phiếu tăng gấp 8 lần so với thời điểm ông rót 488 triệu USD vào công ty này năm 2003. Ngược lại, năm 2009, Berkshire cũng có quý lỗ đầu tiên trong 2 thập kỷ sau khi cổ phiếu của ConocoPhillips giảm giá. Buffett thừa nhận ông đã mắc sai lầm lớn khi đầu tư vào thời điểm giá dầu gần với mức đỉnh. Theo Thiên Bình"
2014-07-12,Tập đoàn Exxon Mobil (Mỹ): Đầu tư 20 tỷ USD khai thác khí đốt tại miền Trung,"TIN MỚI Tập đoàn Exxon Mobil (Mỹ) đang cân nhắc lựa chọn các phương án đưa khí vào bờ và xây nhà máy điện công suất lớn tại hai tỉnh Quảng Nam và Quảng Ngãi với tổng vốn đầu tư khoảng 20 tỷ USD. Ngày 15/7 tới, lãnh đạo các Bộ, ngành Trung ương, Tập đoàn Dầu khí Việt Nam cùng đại diện Tập đoàn Exxon Mobil sẽ về miền Trung khảo sát chuẩn bị triển khai dự án nói trên. Tập đoàn này đang xem xét hai phương án: Đưa khí từ mỏ Cá Voi Xanh vào bờ ở khu vực bàu Cá Cái, gần sát nhà máy lọc dầu Dung Quất và xây nhà máy điện tại Quảng Ngãi. Hoặc đưa khí vào khu vực cảng Tam Hiệp, huyện Núi Thành (Quảng Nam) và xây dựng nhà máy điện tại xã Bình Thạnh, huyện Bình Sơn (gần khu du lịch Thiên Đàng), Khu kinh tế Dung Quất. Exxon Mobil là Tập đoàn dầu khí quốc gia Mỹ có tổng doanh thu lớn nhất thế giới với 404,5 tỷ USD trong năm 2007, trong đó lợi nhuận khoảng 40,6 tỷ USD. Đây là tập đoàn dầu khí lớn thứ hai thế giới sau Rosneft của Nga với sản lượng dầu thô khai thác hàng ngày khoảng 6,5 triệu thùng. Nhiều năm qua, Exxon Mobil có thỏa thuận hợp tác thăm dò dầu khí với Việt Nam trên Biển Đông. Ngoài Exxon Mobil, một đại gia dầu khí của Nga là Gazprom Neft cũng lên kế hoạch mua 49% cổ phần của nhà máy lọc dầu Dung Quất và đầu tư mở rộng nhà máy. Hiện thỏa thuận khung đã được công ty Gazprom Neft (Nga) và Tập đoàn Dầu khí Việt Nam (Petro Vietnam) ký kết. Đây cũng là nội dung về việc hợp tác đầu tư dự án nâng cấp nhà máy lọc dầu Dung Quất. Đầu tháng 7/2014, ông Ngô Thường San, Chủ tịch Hội Dầu khí Việt Nam khẳng định, sự kiện Trung Quốc đưa giàn khoan Hải Dương 981 quấy nhiễu ở Biển Đông không làm các đối tác nước ngoài (Exxon Mobil, Gazprom, Murphy…) đang hợp tác khai thác dầu khí với Việt Nam lo sợ. ""Các đối tác nước ngoài vẫn triển khai bình thường các hợp đồng đã ký với Tập đoàn Dầu khí Việt Nam. Họ quan tâm nhiều về yếu tố kinh tế hơn là sự đe dọa hiện nay của phía Trung Quốc. Là những tập đoàn lớn, tầm cỡ quốc tế, khi ký với Việt Nam họ cũng đã tìm hiểu rất kỹ về luật và quy định quốc tế về biển trong đó có biển Đông. Họ có đội ngũ tư vấn luật rất giỏi và chuyên nghiệp. Việt Nam đang tích cực tạo sự thông thoáng về luật pháp để cùng các công ty nước ngoài triển khai các hợp đồng dầu khí và đẩy mạnh công tác thăm dò và khai thác ở vùng biển đặc quyền kinh tế của Việt Nam"", ông San cho biết. >>>Gazprom muốn mua 49% cổ phần lọc dầu Dung Quất Theo Minh Thái"
2014-07-14,Tập đoàn Exxon Mobil đầu tư 20 tỷ USD vào miền Trung,"TIN MỚI Tập đoàn Exxon Mobil (Mỹ) đang cân nhắc lựa chọn các phương án đưa khí vào bờ và xây nhà máy điện công suất lớn tại hai tỉnh Quảng Nam và Quảng Ngãi với tổng vốn đầu tư khoảng 20 tỷ USD. Ngày 15/7 tới, lãnh đạo các Bộ, ngành Trung ương, Tập đoàn Dầu khí Việt Nam cùng đại diện Tập đoàn Exxon Mobil sẽ về miền Trung khảo sát chuẩn bị triển khai dự án nói trên. Tập đoàn này đang xem xét hai phương án: Đưa khí từ mỏ Cá Voi Xanh vào bờ ở khu vực bàu Cá Cái, gần sát nhà máy lọc dầu Dung Quất và xây nhà máy điện tại Quảng Ngãi. Hoặc đưa khí vào khu vực cảng Tam Hiệp, huyện Núi Thành (Quảng Nam) và xây dựng nhà máy điện tại xã Bình Thạnh, huyện Bình Sơn (gần khu du lịch Thiên Đàng), Khu kinh tế Dung Quất. Exxon Mobil là Tập đoàn dầu khí quốc gia Mỹ có tổng doanh thu lớn nhất thế giới với 404,5 tỷ USD trong năm 2007, trong đó lợi nhuận khoảng 40,6 tỷ USD. Đây là tập đoàn dầu khí lớn thứ hai thế giới sau Rosneft của Nga với sản lượng dầu thô khai thác hàng ngày khoảng 6,5 triệu thùng. Nhiều năm qua, Exxon Mobil có thỏa thuận hợp tác thăm dò dầu khí với Việt Nam trên Biển Đông. Ngoài Exxon Mobil, một đại gia dầu khí của Nga là Gazprom Neft cũng lên kế hoạch mua 49% cổ phần của nhà máy lọc dầu Dung Quất và đầu tư mở rộng nhà máy. Hiện thỏa thuận khung đã được công ty Gazprom Neft (Nga) và Tập đoàn Dầu khí Việt Nam (Petro Vietnam) ký kết. Đây cũng là nội dung về việc hợp tác đầu tư dự án nâng cấp nhà máy lọc dầu Dung Quất. Đầu tháng 7/2014, ông Ngô Thường San, Chủ tịch Hội Dầu khí Việt Nam khẳng định, sự kiện Trung Quốc đưa giàn khoan Hải Dương 981 quấy nhiễu ở Biển Đông không làm các đối tác nước ngoài (Exxon Mobil, Gazprom, Murphy…) đang hợp tác khai thác dầu khí với Việt Nam lo sợ. ""Các đối tác nước ngoài vẫn triển khai bình thường các hợp đồng đã ký với Tập đoàn Dầu khí Việt Nam. Họ quan tâm nhiều về yếu tố kinh tế hơn là sự đe dọa hiện nay của phía Trung Quốc. Là những tập đoàn lớn, tầm cỡ quốc tế, khi ký với Việt Nam họ cũng đã tìm hiểu rất kỹ về luật và quy định quốc tế về biển trong đó có biển Đông. Họ có đội ngũ tư vấn luật rất giỏi và chuyên nghiệp. Việt Nam đang tích cực tạo sự thông thoáng về luật pháp để cùng các công ty nước ngoài triển khai các hợp đồng dầu khí và đẩy mạnh công tác thăm dò và khai thác ở vùng biển đặc quyền kinh tế của Việt Nam"", ông San cho biết. >> Đại gia dầu khí Nga ký hợp đồng 'khủng' với PetroVietnam Theo Minh Thái"
2014-08-11,"Bất chấp căng thẳng, Exxon Mobil khai thác dầu ở Nga","TIN MỚI Bất chấp lệnh cấm vận áp đặt lên các công ty của Nga trong bối cảnh căng thẳng giữa Nga và phương Tây lên cao nhất kể từ thời kỳ Chiến tranh lạnh, “gã khổng lồ” trong ngành dầu khí của Mỹ Exxon Mobil hôm 9/8 đã có mũi khoan đầu tiên ở vùng biển Bắc cực thuộc lãnh thổ của Nga. Rosneft là đối tác của Exxon Mobil trong thương vụ này. Mặc dù các lệnh cấm vận mà Mỹ áp đặt lên Nga vì khủng hoảng ở Ukraine không được thiết kế để làm gián đoạn các dự án hợp tác giữa các công ty Nga và Mỹ, mục tiêu của Mỹ là không cho Rosneft tiếp cận với thị trường vốn quốc tế cũng như các công nghệ hiện đại. “Thành công ngày hôm nay được dẫn dắt bởi hợp tác quốc tế hiệu quả’, Tổng thống Nga Vladimir Putin nói với Igor Sechin (CEO của Rosneft) và Glenn Waller (giám đốc của ExxonMobil ở Nga). Ông Putin bổ sung thêm rằng các doanh nghiệp Nga cũng như nước ngoài nhận thức được rằng bất chấp những khó khăn hiện nay về mặt chính trị, những giá trị thực tế vẫn là điều quan trọng nhất. Exxon đã mang giàn khoan từ Na Uy tới khai thác giếng dầu đầu tiên ở biển Kara trong động thái được nhiều người đánh giá là thể hiện niềm tin vào Rosneft. “Tất nhiên chúng tôi rất hoan nghênh sự hợp tác này và sẵn sàng mở rộng hợp tác”, ông Putin nói. Tổng thống Nga tin rằng dự án hợp tác giữa Rosneft, Exxon Mobil và các công ty khác sẽ làm lợi cho nền kinh tế của cả hai nước và góp phần củng cố thị trường năng lượng toàn cầu. Thiên Bình"
2014-08-23,PetroVietnam hy vọng ký thỏa thuận 10 tỷ USD với Exxon Mobil vào năm sau,"TIN MỚI Bloomberg ngày 22/8 dẫn lời Tổng giám đốc Tập đoàn dầu khí Việt Nam (PetroVietnam - PVN) Đỗ Văn Hậu cho biết có thể đạt được thỏa thuận hợp tác dự án khí – điện trị giá 10 tỷ USD với tập đoàn Exxon Mobil vào năm tới. Trả lời phỏng vấn hôm 19/8, ông Hậu cho biết, giai đoạn đầu của dự án sẽ là đưa khí từ mỏ khí đốt đến một trạm xử lý, sau đó được sử dụng cho nhà máy điện dự kiến 2.500 MW. Đây sẽ là một trong những nhà máy điện lớn nhất Việt Nam và sẽ giúp giảm thiểu tình trạng thiếu điện. ExxonMobil rất quan tâm đến cơ hội đầu tư vào mỏ khí đốt, đường ống dẫn khí và nhà máy xử lý này. PVN sẽ là nhà đầu tư chính vào dự án nhà máy điện với tổng kinh phí đầu tư khoảng 10 tỷ USD, ông Hậu cho biết. Dự án nhà máy điện nói trên nhằm khai thác nguồn khí đốt trữ lượng 6-8 nghìn tỷ m3 ở ngoài khơi miền Trung, ông Hậu cho biết. Theo dữ liệu của BP, trữ lượng này tương đương 2/3 trữ lượng khí đốt của Thái Lan và Myanmar. Trước đó, trong thông cáo hôm 20/8 của ExxonMobil, tập đoàn này cho biết: “ExxonMobil đamg thảo luận với PetroVietnam và các cơ quan nhà nước và doanh nghiệp của Việt Nam để đánh giá tính khả thi của việc khai thác tài nguyên khí đốt”. Hiện ExxonMobil chưa ước tính chi phí khai thác mỏ khí, xây dựng đường ống khí đốt và nhà máy điện , người phát ngôn của tập đoàn này, ông Kim Jordan cho biết. Trong khi các cuộc đàm phán với ExxonMobil nhiều hứa hẹn, thì các công ty dầu khí quốc tế khác lại tỏ ra lưỡng lự. Ông Hậu cho biết, năm ngoái, tập đoàn Chevron của Mỹ đã tìm đối tác để bán lại cổ phần tại mỏ khí đốt ở miền Nam sau nhiều năm đàm phán về giá cả với PVN bất thành. Các đối tác khác nắm cổ phần ở mỏ này có PVN, chi nhánh của tập đoàn Mitsui Nhật Bản, và PTT Exploration & Production của Thái Lan. Ông Hậu cho biết thêm, Chevron đang đàm phán với tập đoàn Rosneft của Nga mấy tháng trở lại đây để bán khối cổ phần khoảng 200 triệu USD. Để tránh lặp lại trường hợp như của Chevron, ông Hậu cho biết: “Chúng tôi nhất trí với Exxon Mobil rằng giá khí đốt sẽ căn cứ trên giá thị trường. Chúng tôi vẫn chưa bắt đầu thiết lập công thức tính giá khí, nhưng quan điểm chính vẫn là theo thị trường”. Đàm phán về giá khí đốt với Exxon Mobil dự kiến sẽ bắt đầu từ tháng tới và có thể đạt được thỏa thuận vào cuối năm nay hoặc năm tới, ông Hậu cho biết >> Công ty Nhật phát hiện mỏ dầu khí mới ngoài khơi Việt Nam"
2014-11-14,Exxon Mobil mất ngôi lớn thứ hai thế giới vì giá dầu giảm,"TIN MỚI “Ông lớn” của ngành dầu mỏ thế giới Exxon Mobil Corp. đã phải nhường ngôi công ty có giá trị vốn hóa lớn thứ hai thế giới cho tập đoàn Microsoft sau khi giá dầu lao dốc khiến giá trị vốn hóa của công ty này sụt giảm 47 tỷ USD. Kết thúc phiên hôm qua (13/11), cổ phiếu Exxon giảm 0,8%, xuống 94,66 USD, khiến giá trị vốn hóa giảm xuống còn 400,8 tỷ USD. Trong khi đó cổ phiếu Microsoft tăng 1,7%, đẩy giá trị vốn hóa lên mức 408,9 tỷ USD. Đà giảm giá của cổ phiếu Exxon là tình trạng chung của các công ty năng lượng trong bối cảnh giá dầu đã giảm 30% vì dư thừa nguồn cung. Cổ phiếu Exxon đã giảm 6,5% kể từ đầu năm đến nay và nhóm năng lượng trong chỉ số S&P 50 cũng đã giảm 4,1%. Lợi nhuận vượt dự báo của Exxon đã không thể bù đắp lại đà giảm của giá dầu. (Xem thêm: Kinh tế thế giới nhìn từ thùng dầu ) Ngược lại, cổ phiếu của các công ty sản xuất máy tính và phần mềm đã tăng 17% kể từ đầu năm tới nay, trở thành nhóm tăng điểm mạnh thứ ba trong chỉ số S&P 500. Riêng cổ phiếu Microsoft đã tăng 33%. Tháng trước hãng cũng công bố doanh thu quý III vượt dự báo nhờ tăng trưởng tốt ở mảng điện toán đám mây và mảng máy tính cá nhân đang dần hồi phục. Apple vẫn giữ vững ngôi vị công ty có giá trị vốn hóa lớn nhất thế giới. Cổ phiếu của hãng đã tăng 41% kể từ đầu năm đến nay nhờ chiến lược mua lại cổ phiếu quỹ và đã có 8 quý liên tiếp công bố lợi nhuận vượt dự báo. Đây không phải là lần đầu tiên Exxon bị vượt mặt bởi một công ty công nghệ. Google cũng đã vươn lên vị trí số hai hồi tháng 2 và tháng 3 khi giá trị vốn hóa tăng lên mức 410 tỷ USD. Tuy nhiên tính đến hết phiên hôm qua, cổ phiếu Google đã giảm tổng cộng 0,8% kể từ đầu năm và giá trị vốn hóa hiện đang ở mức 373 tỷ USD. >>> [Chart] Giá dầu giảm 20 USD ảnh hưởng như thế nào đến kinh tế thế giới? Thanh Thanh"
2015-02-04,Exxon Mobil có thể là bên hưởng lợi nhiều nhất khi giá dầu giảm,"TIN MỚI Nội dung nổi bật: - Exxon Mobil có lợi nhuận 6,5 tỷ USD trong quý IV, giảm 21% so với 1 năm trước nhưng đây là mức lạc quan so với các đối thủ và nhất là khi xét đến sự kiện giá dầu lao dốc mạnh - Giới phân tích dự đoán Exxon có thể thâu tóm BP - công ty đang gặp rắc rối kể từ vụ tràn dầu năm 2010, chưa kể đến những tác động của giá dầu giảm - Đây là thời điểm thích hợp để Exxon nhảy vào mảng dầu đá phiến Đây là thời kỳ hết sức khó khăn đối với các công ty dầu khí. Giá dầu đã giảm 50% kể từ tháng 6 năm ngoái đến nay, lực cầu vẫn khá yếu và thế giới đang dư thừa nguồn cung dầu mỏ, chưa kể đến tình trạng công cuộc thăm dò ngày càng khó khăn và phí ngày càng tăng. Chi phí mà họ bỏ ra hiện đang ở mức lớn hơn so với số tiền thu được trên mỗi thùng dầu. Mới đây ExxonMobil – công ty dầu mỏ lớn nhất nước Mỹ - vừa công bố báo cáo tài chính cho thấy hãng có được lợi nhuận 6,5 tỷ USD trong quý cuối năm 2014. Con số này thấp hơn nhiều so với mức 8,3 tỷ USD của cùng kỳ một năm trước đó, nhưng nếu xét đến các yếu tố ngoại cảnh thì đây là một kết quả không tồi. Trung bình giá dầu thô ở mức 73 USD/thùng trong quý trước, trong khi mức giá của 1 năm trước là 97 USD/thùng. Như vậy lợi nhuận của Exxon chỉ giảm 21% trong khi giá dầu giảm tới 25%. Hiện cổ phiếu của hãng được giao dịch ở quanh mức 88 USD, tương đương với 1 năm trước trong khi giá dầu đã giảm tới 50%. Các đối thủ của Exxon đang gặp phải những khó khăn lớn hơn. Quý IV/2014, lợi nhuận của Chevron giảm tới 30% và ConocoPhillips thì thua lỗ lần đầu tiên kể từ năm 2008. BP cũng có một quý không mấy thuận lợi với những vấn đề chưa giải quyết được từ vụ tràn dầu năm 2010. Thậm chí trên thị trường còn xuất hiện tin đồn BP sẽ bị thâu tóm vào cuối năm nay và một trong những ông lớn đang theo đuổi vụ này là Exxon. Vẫn còn quá sớm để bàn về một vụ sáp nhập giữa BP và Exxon, nhưng không thể phủ nhận sự thực đà rơi của giá dầu sẽ mở ra thời đại các vụ “siêu sáp nhập” nở rộ như giai đoạn cuối những năm 1990 hoặc đầu những năm 2000. Đây cũng là một phần của chu kỳ kinh doanh thông thường: một thập kỷ giá dầu tăng cao đã tạo nên dòng vốn đầu tư khổng lồ chưa từng có tiền lệ, và các công ty dầu khí chạy đua tăng trưởng cũng như chiếm lĩnh thị phần. Giờ đây, khi giá giảm và nhu cầu chững lại, trên thị trường sẽ xuất hiện “cuộc chơi” thanh lọc và thâu tóm đối thủ. Đây cũng là thời điểm để kẻ mạnh càng trở nên mạnh hơn và dường như không có ai thích hợp với vị trí này hơn Exxon. Fadel Gheit, chuyên gia phân tích tại Oppenheimer, dự đoán Exxon sẽ thực hiện một vụ thâu tóm khổng lồ trước khi giá tăng trở lại. Exxon đang “ngồi” trên đống tiền mặt trị giá 5 tỷ USD và có rất nhiều khoảng trống trong danh mục đầu tư của hãng. Exxon có thể cố gắng mở rộng tầm ảnh hưởng ở vùng nước sâu Vịnh Mexico hoặc xây dựng vị thế lớn hơn trên thị trường khí hóa lỏng. Tuy nhiên, dầu đá phiến mới là mảng được chú ý nhiều nhất. Giống như hầu hết các tập đoàn dầu khí lớn khác, Exxon đã bỏ lỡ thời kỳ công nghệ fracking bùng nổ ở Mỹ khi giảm lượng vốn đầu tư từ cuối những năm 1990 để tập trung cho các vùng nước sâu và Bắc Cực. Tuy nhiên, trong bối cảnh giá dầu rơi mạnh, Exxon đang có một cơ hội rất lớn để gia nhập thị trường này. Nhiều công ty dầu đá phiến có quy mô nhỏ và vừa từng dẫn dắt cuộc cách mạng dầu khí đá phiến kể từ những năm 1980 giờ đang thiếu hụt tiền mặt và gánh nhiều khoản nợ. Câu hỏi đặt ra cho Exxon là họ nên mua tài sản hay chỉ cần “nuốt gọn” một công ty khác. Năm 2009, Exxon bỏ 41 tỷ USD mua XTO Energy. Thương vụ này giúp Exxon mở rộng hoạt động trên thị trường khí đá phiến nhưng luôn được đánh giá là một vụ giao dịch tồi tệ vì giá quá cao và có nhiều vấn đề phát sinh sau sáp nhập. Điều này càng khiến việc mua lại BP là một lựa chọn đúng đắn vì BP có dấu ấn khá đậm nét trong ngành khai thác dầu và khí từ đá phiến. Mùa xuân năm ngoái, BP cũng thông báo kế hoạch thành lập một công ty riêng biệt để quản lý hoạt động khai thác dầu khí ở 48 tiểu bang vùng hạ. Exxon có phải là một người mua tiềm năng? Điều đó còn phụ thuộc vào “khẩu vị” của công ty này. >>> Exxon Mobil mất ngôi lớn thứ hai thế giới vì giá dầu giảm Thu Hương"
2015-02-04,ExxonMobil vẫn lãi tỷ USD dù giá dầu giảm,ExxonMobil vẫn lãi tỷ USD dù giá dầu giảm
2015-02-21,"Buffett ""chạy"" khỏi Exxon Mobil","TIN MỚI Nội dung nổi bật: - Buffett thông báo thoái 3,7 tỷ USD khỏi Exxon Mobil sau hơn 2 năm đầu tư - Berkshire có một số thay đổi trong danh mục đầu tư Kể từ tháng 6 tới nay, giá dầu thô đã giảm gần một nửa do sản lượng của Mỹ tăng vọt và Tổ chức các nước xuất khẩu dầu mỏ (OPEC) từ chối cắt giảm sản lượng. Giá giảm cũng ảnh hưởng tiêu cực đến lợi nhuận của các tập đoàn dầu mỏ và buộc các nhà sản xuất lớn phải cắt giảm chi tiêu cũng như sa thải hàng nghìn nhân công. Buffett đã phát triển Berkshire thành công ty lớn thứ tư thế giới thông qua các vụ thâu tóm và sở hữu lượng lớn các cổ phiếu như Coca-Cola Co. hay Washington Post Co. và giá trị các cổ phiếu này đều đã tăng lên gấp nhiều lần. Tuy nhiên, những khoản đầu tư vào các công ty năng lượng đem lại kết quả trái chiều. Một trong những khoản đầu tư thành công nhất là PetroChina Co. Năm 2007, ông thu được lợi nhuận 3,5 tỷ USD sau khi bán số cổ phiếu PetroChina đã mua vào trước đó với giá 500 triệu USD. Sau đó là trải nghiệm khá tồi tệ ở ConocoPhilips và Energy Future Holdings Corp. Theo báo cáo thường niên mới nhất, 41,1 triệu cổ phiếu Exxon có giá trị trung bình 90,86 USD/cổ phiếu trong năm 2013. Buffett đã bán toàn bộ số cổ phiếu này trong quý IV. Cổ phiếu Exxon có mức giá trung bình 93,27 USD trong thời gian này, do đó Berkshire đã có lợi nhuận. Ngoài ra, trong quý trước Buffett cũng thoái một lượng vốn nhỏ khỏi ConocoPhillips, đồng thời tăng thêm tiền đầu tư vào một công ty năng lượng khác của Canada là Suncor Energy Inc. và công ty lọc dầu Phillips 66. Buffett tiếp tục khẳng định sự ủng hộ dành cho IBM – một trong những cổ phiếu lâu năm nhất – khi mua thêm 6,5 triệu cổ. Tổng cộng ông đã đầu tư hơn 12 tỷ USD vào công ty công nghệ này. Berkshire cũng tăng cường đầu tư vào nhà sản xuất thiết bị nông nghiệp Deere & Co. và thoái vốn khỏi hãng phim 21st Century Fox Inc. của Rupert Murdoch. Các nhà đầu tư thường nghiên cứu danh mục của Berkshire để hiểu thêm về chiến lược của Buffett cũng như các dự đoán của ông về tương lai. Động thái mua vào và bán ra của ông cũng ảnh hưởng đến giá cổ phiếu. Thu Hương"
2015-05-24,Kiện vì bị hàng xóm ‘tố’,Kiện vì bị hàng xóm ‘tố’
2017-01-08,"Tin chứng khoán, dữ liệu kinh tế, tài chính - Investing.com","Tin chứng khoán, dữ liệu kinh tế, tài chính - Investing.com"
2017-02-09,Điểm danh 10 tập đoàn niêm yết lớn nhất thế giới,Điểm danh 10 tập đoàn niêm yết lớn nhất thế giới
2017-08-29,'Cá Voi xanh' của Exxon chính thức hoạt động khi khai mạc APEC?,'Cá Voi xanh' của Exxon chính thức hoạt động khi khai mạc APEC?
2017-09-26,"[Mạng xã hội chứng khoán] Mất gần hết số tiền tích cóp, công chức già 65 tuổi về hưu vẫn nói: Cảm ơn chứng khoán","[Mạng xã hội chứng khoán] Mất gần hết số tiền tích cóp, công chức già 65 tuổi về hưu vẫn nói: Cảm ơn chứng khoán"
2017-10-07,"Đâm chết hàng xóm vì… say xỉn, chửi bới trước nhà","Đâm chết hàng xóm vì… say xỉn, chửi bới trước nhà"
2017-11-15,[Câu chuyện kinh doanh] ExxonMobil: ‘Vua’ dầu mỏ khó giữ ngai vàng?,[Câu chuyện kinh doanh] ExxonMobil: ‘Vua’ dầu mỏ khó giữ ngai vàng?
2017-12-21,"Tập đoàn Exxon Mobil quan tâm đến việc hợp tác, đầu tư tại Việt Nam","Tập đoàn Exxon Mobil quan tâm đến việc hợp tác, đầu tư tại Việt Nam"
2018-03-28,Trung Quốc “bắt nạt” các công ty dầu khí trên Biển Đông như thế nào?,Trung Quốc “bắt nạt” các công ty dầu khí trên Biển Đông như thế nào?
2018-12-14,Exxon Mobil đến làm việc với Lọc dầu Bình Sơn trước thềm triển khai hợp đồng FEED dự án Cá Voi Xanh,"BSR: Giá hiện tại Thay đổi Xem hồ sơ doanh nghiệp TIN MỚI Ngày 11/12, Tập đoàn Exxon Mobil đã đến thăm và làm việc với Công ty cổ phần Lọc hóa dầu Bình Sơn (BSR). Tại buổi làm việc, ông Lê Xuân Huyên - Chủ tịch HĐQT BSR đã phát biểu chào mừng Tập đoàn Exxon Mobil đến thăm và làm việc tại BSR . ""Chúng tôi mong muốn đây là cơ hội tốt để BSR và Exxon Mobil trao đổi, chia sẻ, và hợp tác với nhau trong nhiều lĩnh vực"" - Chủ tịch HĐQT BSR Lê Xuân Huyên nhấn mạnh. Hiện nay, Exxon Mobil đang chuẩn bị triển khai hợp đồng FEED (tư vấn lập thiết kế tổng thể) trong Dự án khí Cá Voi Xanh. Chính vì vậy, tại buổi làm việc với BSR, Tập đoàn Exxon Mobil đã tìm hiểu quy trình quản lý điều hành của BSR. Cụ thể ở các nội dung: kinh nghiệm tuyển dụng nhân sự, sắp xếp chỗ ở cho CBCNV; cơ sở y tế phục vụ tại chỗ cho CBCNV; công tác PCCC, thiết kế và vận hành cảng dầu khí; công tác bảo vệ môi trường trong giai đoạn xây dựng và vận hành nhà máy; công tác hậu cần, quan hệ với chính quyền địa phương… Được biết, mỏ khí Cá voi xanh với trữ lượng khoảng 15,7 TCF (445 tỷ m3) là mỏ khí có trữ lượng vào loại lớn nhất Việt Nam hiện nay, dự kiến đưa vào khai thác từ năm 2023 với sản lượng trung bình giai đoạn đầu khoảng 7,2 tỷ m3/năm và tăng lên 8,8 tỷ m3/năm sau khi mở rộng mỏ, trong đó phần dành cho hóa dầu là 1,6 - 1,7 tỷ m3/năm. Công nghệ lọc dầu hiện đại hiện nay có thể sử dụng khí Cá voi xanh thay thế nguyên liệu LPG/Naphtha tại NMLD Dung Quất cho sản xuất Hydro phục vụ cho NMLD sau NCMR và làm khí nhiên liệu cho NMLD để giảm chi phí giá thành. Hơn nữa, tận dụng thành phần carbon trong CO2 (vốn có nhiệt trị cháy bằng 0) trong khí Cá voi xanh sẽ rất thích hợp cho phản ứng tổng hợp Methanol. Tiếp theo, Methanol sẽ được chuyển hóa thành Olefins (Ethylene/Propylene) qua công nghệ MTO/MTP và từ đó sản xuất các sản phẩm hóa dầu tiềm năng (như PP, PE). Lợi nhuận hóa dầu ổn định ở mức cao hơn lợi nhuận lọc dầu, do đó để kéo dài chuỗi giá trị gia tăng, giảm rủi ro và tăng lợi nhuận, xu hướng tích hợp tối đa với hóa dầu từ các sản phẩm lọc dầu cũng như tận dụng tối đa các nguồn nguyên liệu sẵn có là cần thiết. Việc kết hợp và tích hợp khí Cá voi xanh vào NMLD Dung Quất sẽ tạo thành trung tâm lọc hóa dầu lớn ở khu vực miền trung. BSR và Tập đoàn Exxon Mobil sẽ hợp tác chặt chẽ để thực hiện Dự án khí Cá Voi Xanh NMLD Dung Quất được xây dựng trên địa bàn Khu kinh tế Dung Quất thuộc hai xã Bình Trị, Bình Thuận thuộc huyện Bình Sơn, tỉnh Quảng Ngãi, với tổng diện tích trên 800 ha, trong đó 338 ha là mặt đất, còn lại là mặt biển. Công suất chế biến của nhà máy là 6,5 triệu tấn dầu thô/năm. NMLD Dung Quất có 15 phân xưởng công nghệ chính và các hạng mục ngoại vi. Các sản phẩm chính của nhà máy gồm: Khí hóa lỏng LPG, propylen, xăng Mogas A92/A95, xăng E5 RON 92, dầu diesel ô tô (DO), dầu đốt lò (FO), dầu hỏa (KO), nhiên liệu bay Jet A1, hạt nhựa polypropylene và sản phẩm lưu huỳnh (sản phẩm phụ)."
2019-04-02,"Công ty giàu có bậc nhất hành tinh: Thu nhập năm 2018 bằng cả Apple, Google và Exxon Mobil gộp lại","TIN MỚI Không có bất kỳ một công ty nào trên thế giới tạo ra được mức lợi nhuận ""khủng"" như gã khổng lồ ngành dầu mỏ - Saudi Aramco của Ả Rập Xê Út. Công ty này ghi nhận khoản thu nhập ròng năm 2018 là 111,1 tỷ USD, không khó để ""vượt mặt"" những ""ông lớn"" ở Thung lũng Silicon như Apple hay tập đoàn dầu khí Exxon Mobil. Tuy nhiên, theo bảng kê khai được công bố trước khi công ty này phát hành trái phiếu trên thị trường quốc tế, Aramco - sản xuất khoảng 10% số lượng dầu thô trên thế giới, không tạo ra nhiều tiền mặt trên mỗi thùng như các công ty dầu khí lớn khác do áp lực về thuế. Trong tuần này, Aramco sẽ tổ chức roadshow phát hành trái phiếu. Việc này đã khiến công ty phải tiết lộ bí mật đã được giấu kín kể từ khi quốc hữu hoá vào cuối những năm 1970. Ngoài ra, động thái này còn thể hiện mối quan hệ khăng khít với vương quốc và tài sản quan trọng nhất của họ. Cả Fitch Ratings và Moody's đều xếp hạng Aramco ở vị trí thứ 5, tương đương với khoản nợ được chính phủ Ả Rập Xê Út bảo lãnh, nhưng thấp hơn Exxon, Shell và Chevron. Lợi nhuận ""khủng"" của Aramco bằng Apple, Google và Exxon cộng lại. Hiện tại, Aramco đang chuẩn bị huy động vốn nhằm hỗ trợ cho thương vụ mua lại phần lớn cổ phần của tập đoàn hoá dầu Sabic, trị giá khoảng 69 tỷ USD. Thương vụ này là ""kế hoạch B"" để tạo ra tiền cho chương trình nghị sự kinh tế của Ả Rập Xê Út, sau khi đợt IPO của Aramco bị trì hoãn. Trên thực thế, Thái tử Mohammed bin Salman đang sử dụng bảng cân đối kế toán của công ty để ""rót"" tiền cho tham vọng của mình. Bản báo cáo bạch phát hành trái phiếu dài 470 trang, được nộp cho Sở Giao dịch Chứng khoán London, không chỉ cho thấy đây là công ty giàu nhất hành tinh mà còn tiết lộ mức độ phụ thuộc của Aramco vào mức giá cao của dầu và khí đốt tự nhiên như thế nào. Năm 2016, khi giá dầu Brent giảm mạnh xuống trung bình 45 USD/thùng và OPEC cắt giảm sản lượng, công ty này đã phải chật vật để hoà vốn. Thu nhập ròng của năm đó chỉ là 13 tỷ USD và dòng tiền tự do là 2 tỷ USD. Lợi nhuận lớn là thế nhưng công ty này lại phải ""đổ"" rất nhiều tiền cho vương quốc. Dòng tiền của Aramco đối mặt với áp lực rất lớn bởi sự phụ thuộc của vương quốc này đối với họ. Họ là công ty rót tiền cho những khoản chi tiêu xã hội và quân sự của Ả Rập Xê Út, cũng như lối sống xa hoa của hàng trăm hoàng tử. Aramco trả 50% lợi nhuận của họ cho thuế thu nhập, từ 20% doanh thu tới 50% giá dầu cho thuế tài nguyên Aramco báo cáo, dòng tiền từ hoạt động kinh doanh là 121 tỷ USD, 35,1 tỷ USD chi phí tài sản cố định và đã trả 58,2 tỷ USD cổ tức cho chính phủ vào năm 2018, theo Moody's. Trong một bài phát biểu với các trái chủ tương lai, công ty cho biết năm ngoái họ đã trả 52 tỷ USD cổ tức tiền mặt. Fitch cho biết xếp hạng A+ của họ dành cho Aramco, phản ánh ""mối liên hệ mạnh mẽ"" giữa công ty với vương quốc, cùng sự ảnh hưởng từ chính phủ Ả Rập Xê Út đến Aramco thông qua điều tiết sản lượng, thuế và cổ tức. Thứ hạng A+ của Aramco thấp hơn 1 bậc so với AA- của Shell và Total. Xếp hạng của Moody's cho Aramco xếp sau hạng Aaa của Exxon. Theo Bloomberg, Aramco sẽ tổ chức các cuộc họp với nhà đầu tư trong những ngày tới tại London, New York, Boston, Singapore, Hồng Kông, Tokyo, Los Angeles và Chicago. JPMorgan, Morgan Stanley sẽ là các ngân hàng bảo lãnh phát hành trái phiếu cho công ty này. Hành trình đưa một nhà máy hấp hối trở thành biểu tượng của thế lực công nghệ Trung Quốc"
2019-08-27,‘Mỹ không muốn ExxonMobil bị Trung Quốc hăm dọa’ sau vụ Bãi Tư Chính,‘Mỹ không muốn ExxonMobil bị Trung Quốc hăm dọa’ sau vụ Bãi Tư Chính
2019-09-10,"Biển Đông : Trung Quốc quấy nhiễu, Mỹ rút khỏi dự án Cá Voi Xanh ?","Biển Đông : Trung Quốc quấy nhiễu, Mỹ rút khỏi dự án Cá Voi Xanh ?"
2019-09-11,Thực hư ExxonMobil ‘bỏ cuộc’ ở Việt Nam vì ‘áp lực’ từ Trung Quốc,Thực hư ExxonMobil ‘bỏ cuộc’ ở Việt Nam vì ‘áp lực’ từ Trung Quốc
2019-09-12,Cá Voi Xanh: 'ExxonMobil muốn gây sức ép lên chính phủ Việt Nam',Cá Voi Xanh: 'ExxonMobil muốn gây sức ép lên chính phủ Việt Nam'
2020-05-27,Vụ đổ rác thải điện tử ở Vĩnh Phúc: Cả xóm luôn chìm trong mùi khét lẹt,Vụ đổ rác thải điện tử ở Vĩnh Phúc: Cả xóm luôn chìm trong mùi khét lẹt
2020-08-26,Exxon Mobil rời Dow Jones: Sự sụp đổ của ngành dầu khí?,"TIN MỚI Kể từ ngày thứ hai tuần sau (31/8), chỉ số công nghiệp Dow Jones sẽ trải qua 1 sự thay đổi lớn: Salesforce, Amgen và Honeywell sẽ gia nhập chỉ số gồm 30 cổ phiếu, lần lượt thay thế cho Exxon Mobil, Pfizer và Raytheon Technologies. Giới phân tích nhận định sự ra đi của Exxon Mobil chính là dấu hiệu mới nhất cho thấy tầm ảnh hưởng của ngành dầu khí ở nước Mỹ đang ngày càng bị thu hẹp như thế nào. Giờ đây trong chỉ số Dow Jones sẽ chỉ còn lại duy nhất 1 cổ phiếu năng lượng là Chevron, và cổ phiếu này cũng chỉ chiếm tỷ trọng 2,1%. Tỷ trọng của các cổ phiếu trong chỉ số Dow Jones được tính toán dựa trên giá cổ phiếu chứ không phải giá trị vốn hóa. Trong chỉ số rộng hơn là S&P 500, ngành năng lượng cũng không khá hơn với tỷ trọng đã giảm xuống dưới 2,5% và trở thành ngành có tầm ảnh hưởng yếu nhất trong tất cả 11 nhóm ngành. Ở thời hoàng kim năm 2011, con số từng lên tới 12%. Mặc dù chủ yếu mang tính biểu tượng (vì Dow Jones hẹp hơn nhiều so với S&P 500), việc Exxon rời chỉ số Dow có ý nghĩa lịch sử khá quan trọng. Exxon chính là công ty lâu đời nhất trong chỉ số này, đã gia nhập từ năm 1928, khi vẫn dùng tên gọi cũ là Standard Oil. Và cách đây không lâu, năm 2013 Exxon vẫn là công ty có giá trị vốn hóa lớn nhất nước Mỹ. Tuy nhiên mức vốn hóa hơn 415 tỷ USD đã giảm xuống dưới 180 tỷ USD và Exxon bị hàng loạt công ty công nghệ như Apple, Amazon và Microsoft vượt mặt. ""Exxon – công ty từng là gã khổng lồ trên thị trường Mỹ - giờ bị loại ra khỏi chỉ số Dow. Điều đó cho thấy mọi thứ có thể thay đổi nhanh như thế nào và ngành năng lượng đã tuột dốc như thế nào"", Matt Hanna, chuyên gia đến từ Summit Global Investments nói. Thông thường thì nhà đầu tư sẽ tìm kiếm những cơ hội ""săn hàng giảm giá"" trong 1 ngành đang đi xuống như vậy, nhưng hiện nay nhiều nhà đầu tư vẫn tỏ ra hoài nghi về triển vọng phục hồi của ngành năng lượng. Họ e ngại về triển vọng tăng trưởng của kinh tế toàn cầu và mức lợi nhuận không đồng đều của ngành này. Năng lượng là ngành diễn biến tệ nhất trong chỉ số S&P 500 kể từ đầu năm đến nay, giảm tới 40% dù toàn chỉ số tăng 6,6%. Năm 2018 và 2019 cũng đã diễn ra tình trạng tương tự. Vận mệnh của ngành này gắn chặt với giá dầu, trong khi giá dầu đã lao dốc không phanh khi đại dịch Covid-19 khiến nhu cầu về năng lượng sụt giảm mạnh trong bối cảnh thế giới đang thừa dầu. Kể từ đầu năm đến nay giá dầu thô đã giảm gần 30%, hiện đang được giao dịch ở mức trên 40 USD/thùng. Cùng kỳ, cổ phiếu giảm 41%, Chevron giảm 29%. Cổ phiếu của các công ty cung cấp dịch vụ dầu khí và các công ty khoan dầu đá phiến còn giảm mạnh hơn. Tháng trước, lần đầu tiên trong hơn 20 năm trở lại đây Exxon công bố lỗ 2 quý liên tiếp. Trên toàn ngành dầu khí, các công ty đồng loạt cắt giảm hàng chục tỷ USD từ ngân sách và sa thải hàng nghìn nhân viên. Kể cả trước khi đại dịch ập đến thì các công ty dầu khí cũng đã khó có thể thu hút nhà đầu tư vì những lo ngại về các luật lệ chống biến đổi khí hậu cũng như sự nổi lên của năng lượng tái tạo. Exxon cố gắng giữ chân nhà đầu tư bằng cách chi trả cổ tức hậu hĩnh, nhưng nếu nhu cầu tiêu thụ năng lượng không được cải thiện thì rõ ràng điều đó cũng chẳng thể kéo dài. Tham khảo Wall Street Journal 20 năm cuộc đua giá trị Apple - Exxon Mobil"
2020-08-27,“Cái chết” của ExxonMobil!,“Cái chết” của ExxonMobil!
2020-08-27,Gã khổng lồ dầu khí Exxon Mobil giờ ra sao?,Gã khổng lồ dầu khí Exxon Mobil giờ ra sao?
2020-08-29,Exxon Mobil - Sự sụp đổ của ngành dầu khí?,Exxon Mobil - Sự sụp đổ của ngành dầu khí?
2020-09-15,"Chuyện gì đã xảy ra với Exxon Mobil, công ty từng đắt giá nhất nước Mỹ","Chuyện gì đã xảy ra với Exxon Mobil, công ty từng đắt giá nhất nước Mỹ"
2020-10-06,Tập đoàn dầu khí ExxonMobil cắt giảm 1.600 việc làm ở châu Âu,Tập đoàn dầu khí ExxonMobil cắt giảm 1.600 việc làm ở châu Âu
2020-11-16,"Sàn giao dịch tiền điện tử đáng tin cậy nhất thế giới | Mua, giao dịch và đầu tư vào tài sản tiền điện tử","Sàn giao dịch tiền điện tử đáng tin cậy nhất thế giới | Mua, giao dịch và đầu tư vào tài sản tiền điện tử"
2020-12-16,"Từng là đại gia dầu mỏ quyền lực, ExxonMobil giờ đây chìm sâu trong khủng hoảng và sự phẫn nộ của cổ đông","Từng là đại gia dầu mỏ quyền lực, ExxonMobil giờ đây chìm sâu trong khủng hoảng và sự phẫn nộ của cổ đông"
2020-12-18,"""Khủng hoảng"" ập đến với gã khổng lồ dầu mỏ Mỹ ExxonMobil","""Khủng hoảng"" ập đến với gã khổng lồ dầu mỏ Mỹ ExxonMobil"
2021-01-26,Thị trường chứng khoán hôm nay 26/1/2021: VN-Index giảm sâu,Thị trường chứng khoán hôm nay 26/1/2021: VN-Index giảm sâu
2021-02-02,ExxonMobil và Chevron trong “cuộc sáp nhập sinh tồn”!,ExxonMobil và Chevron trong “cuộc sáp nhập sinh tồn”!
2021-02-10,"Bệnh nhân xóm chạy thận: ""Đối với chúng tôi, Tết cũng như ngày thường""","Bệnh nhân xóm chạy thận: ""Đối với chúng tôi, Tết cũng như ngày thường"""
2021-02-15,2 gã khổng lồ dầu khí Chevron và ExxonMobil tính chuyện sáp nhập: Tìm lại vị thế 100 năm trước của tỷ phú Rockefeller với Standard Oil?,2 gã khổng lồ dầu khí Chevron và ExxonMobil tính chuyện sáp nhập: Tìm lại vị thế 100 năm trước của tỷ phú Rockefeller với Standard Oil?
2021-04-21,Giá Tiền Điện Tử - Tin tức và Biểu đồ kỹ thuật,Giá Tiền Điện Tử - Tin tức và Biểu đồ kỹ thuật
2021-05-27,“Kiêu binh nổi loạn” ở ExxonMobil!,“Kiêu binh nổi loạn” ở ExxonMobil!
2021-06-11,"Nền kinh tế FOMO: Ai cũng kiếm bộn tiền chỉ sau 1 đêm, chỉ riêng bạn thì không?","Nền kinh tế FOMO: Ai cũng kiếm bộn tiền chỉ sau 1 đêm, chỉ riêng bạn thì không?"
2021-06-13,Xóm làm bánh ú lá tre giữa lòng Sài Gòn tất bật trước ngày Tết Đoan Ngọ,Xóm làm bánh ú lá tre giữa lòng Sài Gòn tất bật trước ngày Tết Đoan Ngọ
2021-06-13,Cuộc 'đảo chính' ngoạn mục ở ExxonMobil,Cuộc 'đảo chính' ngoạn mục ở ExxonMobil
2021-09-29,Việt Nam chào đón các công ty dầu khí Mỹ có nhằm để chống lại Trung Quốc ở Biển Đông?,Việt Nam chào đón các công ty dầu khí Mỹ có nhằm để chống lại Trung Quốc ở Biển Đông?
2021-10-26,"Elon Musk ""đút túi"" hơn 36 tỷ USD chỉ sau 1 đêm, tài sản gần chạm mốc 290 tỷ USD","Elon Musk ""đút túi"" hơn 36 tỷ USD chỉ sau 1 đêm, tài sản gần chạm mốc 290 tỷ USD"
2021-11-01,"Hai tập đoàn dầu mỏ lớn nhất Mỹ ""ngư ông đắc lợi"" nhờ giá dầu bùng nổ","Hai tập đoàn dầu mỏ lớn nhất Mỹ ""ngư ông đắc lợi"" nhờ giá dầu bùng nổ"
2021-11-04,Biển Đông: ExxonMobil rút khỏi dự án Cá Voi Xanh 'sẽ không chỉ có tác động kinh tế',Biển Đông: ExxonMobil rút khỏi dự án Cá Voi Xanh 'sẽ không chỉ có tác động kinh tế'
2021-11-23,“Cơn điên” đầu cơ chứng khoán và nỗi sợ “bóng ma” 2008 quay lại,“Cơn điên” đầu cơ chứng khoán và nỗi sợ “bóng ma” 2008 quay lại
2021-11-26,Top 5 trang tin tức thị trường chứng khoán thế giới đáng tin cậy,Top 5 trang tin tức thị trường chứng khoán thế giới đáng tin cậy
2021-12-22,"Sau Mai Phương Thúy, thêm một Hoa hậu lên show kiếm tiền nói về chứng khoán: ""Em chỉ là người muốn kiếm tiền, đầu tư hay đầu cơ cũng được""","Sau Mai Phương Thúy, thêm một Hoa hậu lên show kiếm tiền nói về chứng khoán: ""Em chỉ là người muốn kiếm tiền, đầu tư hay đầu cơ cũng được"""
2022-01-18,"BẮT CỌP, nói bắt đáy …","BẮT CỌP, nói bắt đáy …"
2022-02-02,Lợi nhuận ExxonMobil quý IV vượt dự báo do giá dầu khí tăng cao,Lợi nhuận ExxonMobil quý IV vượt dự báo do giá dầu khí tăng cao
2022-04-12,5 Fanpage chứng khoán mọi nhà đầu tư nhất định phải theo dõi,5 Fanpage chứng khoán mọi nhà đầu tư nhất định phải theo dõi
2022-04-20,Những cảnh đời không giống ai ở “xóm trọ ung thư”,Những cảnh đời không giống ai ở “xóm trọ ung thư”
2022-04-23,"Xây dựng xóm bình yên, không có người vi phạm pháp luật và tệ nạn xã hội","Xây dựng xóm bình yên, không có người vi phạm pháp luật và tệ nạn xã hội"
2022-05-17,PVN và ExxonMobil bàn kế hoạch thúc đẩy dự án mỏ khí Cá Voi Xanh,PVN và ExxonMobil bàn kế hoạch thúc đẩy dự án mỏ khí Cá Voi Xanh
2022-05-23,Giải mã câu chuyện kinh doanh của ‘người hàng xóm quốc dân’ F88,Giải mã câu chuyện kinh doanh của ‘người hàng xóm quốc dân’ F88
2022-07-22,"Chăm chỉ nghiên cứu chứng khoán trên TV, cụ bà 104 tuổi người Trung Quốc kiếm bộn tiền nhờ cách đầu tư 'ăn chắc mặc bền'","Chăm chỉ nghiên cứu chứng khoán trên TV, cụ bà 104 tuổi người Trung Quốc kiếm bộn tiền nhờ cách đầu tư 'ăn chắc mặc bền'"
2022-08-15,Chứng khoán hôm nay nên đầu tư cổ phiếu nào?,Chứng khoán hôm nay nên đầu tư cổ phiếu nào?
2022-10-06,"Bạn chưa phải “dân chơi chứng khoán"" thực thụ nếu chưa theo dõi 5 fanpage này","Bạn chưa phải “dân chơi chứng khoán"" thực thụ nếu chưa theo dõi 5 fanpage này"
2022-10-18,Công ty năng lượng 140 năm tuổi ExxonMobil đứng trước thay đổi lớn,Công ty năng lượng 140 năm tuổi ExxonMobil đứng trước thay đổi lớn
2022-10-19,Công ty năng lượng 140 năm tuổi ExxonMobil đứng trước thay đổi lớn,Công ty năng lượng 140 năm tuổi ExxonMobil đứng trước thay đổi lớn
2022-10-19,Tập đoàn Exxon Mobil của Mỹ ‘trắng tay’ rời Nga,"TIN MỚI Exxon Mobil đã cam kết dành thời gian và chuyển giao an toàn cho nhà điều hành mới để tránh sự cố tràn dầu, sự cố môi trường hoặc mất điện tại các thành phố liên quan. Các điều khoản của Nga đã ngăn Exxon Mobil chuyển giao hoạt động hoặc đàm phán bán cho các đối tác Ấn Độ hoặc Nhật Bản, cho thấy Nga muốn giữ nguồn cung cấp ở Sakhalin-1. Tập đoàn Dầu và Khí đốt Tự nhiên của Ấn Độ muốn lấy cổ phần trong thực thể mới của Nga khi họ tìm cách giữ lại 20% cổ phần trong tài sản dự án Sakhalin-1. Bộ trưởng Công nghiệp Yasutoshi Nishimura cho biết Nhật Bản sẽ quyết định phải làm gì đối với dự án dầu khí Sakhalin-1 ở Viễn Đông của Nga sau khi tham vấn các đối tác trong quá trình rà soát chi tiết sắc lệnh của Nga. Theo sắc lệnh ngày 7/10 của Tổng thống Putin, các đối tác nước ngoài của Sakhalin-1 sẽ có một tháng sau khi công ty mới của Nga được thành lập để yêu cầu chính phủ Nga chia cổ phần trong thực thể chức mới. Equinor tháng trước đã đồng ý bán tài sản trị giá 1 tỷ USD của mình tại Nga với giá 1 euro. Thỏa thuận này giúp Equinor của Na Uy từ bỏ các khoản nợ và cam kết đầu tư trong tương lai. Trước đó, Danone cũng đã bán tài sản của mình nhưng vẫn giữ cổ phần thiểu số. Vượt Exxon Mobil, PetroChina vươn lên thành tập đoàn năng lượng số 1 thế giới"
2022-10-22,"Đọ cửa trúng Xổ số và ""trúng Chứng khoán"" dưới lăng kính xác suất thống kê","Đọ cửa trúng Xổ số và ""trúng Chứng khoán"" dưới lăng kính xác suất thống kê"
2022-11-24,Dầu Mobil Delvac được nhiều xe tải lựa chọn,Dầu Mobil Delvac được nhiều xe tải lựa chọn
2022-11-29,Hàng trăm hộ dân Hòa Bình khốn đốn vì thiếu nước sạch,Hàng trăm hộ dân Hòa Bình khốn đốn vì thiếu nước sạch
2022-12-21,"Nhà đầu tư rời bỏ xe điện và tìm đến xăng dầu, vốn hóa Tesla tụt xuống dưới ExxonMobil","Nhà đầu tư rời bỏ xe điện và tìm đến xăng dầu, vốn hóa Tesla tụt xuống dưới ExxonMobil"
2023-02-01,Exxon Mobil đạt lợi nhuận kỷ lục ngành năng lượng phương Tây năm 2022,Exxon Mobil đạt lợi nhuận kỷ lục ngành năng lượng phương Tây năm 2022
2023-02-01,“Đại gia” dầu lửa Mỹ ExxonMobil lãi lớn chưa từng thấy,“Đại gia” dầu lửa Mỹ ExxonMobil lãi lớn chưa từng thấy
2023-02-19,"4 triết lý đầu tư của 'thần đồng chứng khoán' phố Wall: Chọn cổ phiếu giống như chăn cừu, lợi nhuận lớn, thua lỗ nhỏ nhờ﻿﻿ ‘tiến 3 lùi 1’","4 triết lý đầu tư của 'thần đồng chứng khoán' phố Wall: Chọn cổ phiếu giống như chăn cừu, lợi nhuận lớn, thua lỗ nhỏ nhờ﻿﻿ ‘tiến 3 lùi 1’"
2023-03-11,Khởi tố thầy giáo và gã hàng xóm hiếp dâm nữ sinh lớp 7,Khởi tố thầy giáo và gã hàng xóm hiếp dâm nữ sinh lớp 7
2023-03-16,Mất trộm iPhone 13 Pro Max vì bị dàn cảnh hàng xóm mới đến chơi,Mất trộm iPhone 13 Pro Max vì bị dàn cảnh hàng xóm mới đến chơi
2023-03-21,Petro dollar & quyết định lãi suất từ fed,Petro dollar & quyết định lãi suất từ fed
2023-05-24,"Bán điện trực tiếp cho nhà hàng xóm, tại sao không?","Bán điện trực tiếp cho nhà hàng xóm, tại sao không?"
2023-07-12,"Dòng vốn FDI không ngừng đổ vào Việt Nam, vì sao tiền ngoại trên sàn chứng khoán vẫn “phập phù”?","Dòng vốn FDI không ngừng đổ vào Việt Nam, vì sao tiền ngoại trên sàn chứng khoán vẫn “phập phù”?"
2023-07-20,Người dân xóm nhà chồ Phan Thiết kì vọng về chỗ ở tái định cư sạch đẹp,Người dân xóm nhà chồ Phan Thiết kì vọng về chỗ ở tái định cư sạch đẹp
2023-07-28,Nuôi ruồi lính đen trong thành phố: Từ bị báo phường đến thành nơi tiêu thụ rác cho hàng xóm,Nuôi ruồi lính đen trong thành phố: Từ bị báo phường đến thành nơi tiêu thụ rác cho hàng xóm
2023-07-29,Thúc tiến độ đưa khí vào bờ từ mỏ Cá Voi Xanh,Thúc tiến độ đưa khí vào bờ từ mỏ Cá Voi Xanh
2023-08-04,Ì ạch cơ chế 'bán điện cho hàng xóm',Ì ạch cơ chế 'bán điện cho hàng xóm'
2023-09-05,Xóm lưới Tân Long vào vụ nhộn nhịp nhất trong năm,Xóm lưới Tân Long vào vụ nhộn nhịp nhất trong năm
2023-10-07,Exxon Mobil chi 60 tỷ USD để hợp nhất với công ty đối thủ,Exxon Mobil chi 60 tỷ USD để hợp nhất với công ty đối thủ
2023-10-12,ExxonMobil thâu tóm ‘ông lớn’ dầu khí đá phiến Pioneer,ExxonMobil thâu tóm ‘ông lớn’ dầu khí đá phiến Pioneer
2023-10-12,ExxonMobil 'chi bạo' 60 tỷ USD mua lại nhà sản xuất dầu đá phiến Pioneer,ExxonMobil 'chi bạo' 60 tỷ USD mua lại nhà sản xuất dầu đá phiến Pioneer
2023-10-16,"106 tuổi tôi vẫn chơi chứng khoán: Nghỉ hưu thảnh thơi ngồi nhà kiếm 340 triệu đồng, hạnh phúc tuổi già nhờ lệnh mua bán","106 tuổi tôi vẫn chơi chứng khoán: Nghỉ hưu thảnh thơi ngồi nhà kiếm 340 triệu đồng, hạnh phúc tuổi già nhờ lệnh mua bán"
2023-10-18,"Cụ bà hơn 100 tuổi vẫn ""chơi” chứng khoán, ngồi nhà khớp lệnh kiếm cả trăm triệu","Cụ bà hơn 100 tuổi vẫn ""chơi” chứng khoán, ngồi nhà khớp lệnh kiếm cả trăm triệu"
2023-10-30,Thời kỳ của những mỏ dầu dễ khai thác đã qua,Thời kỳ của những mỏ dầu dễ khai thác đã qua
2024-05-07,Thanh niên 4 lần đột nhập nhà hàng xóm trộm gần 14 lượng vàng,Thanh niên 4 lần đột nhập nhà hàng xóm trộm gần 14 lượng vàng
2024-05-19,"Vượt qua bia Hải Xồm, Thu Hằng, Vuvuzela, một chuỗi quán nhậu bất ngờ 'bùng nổ' mở loạt chi nhánh tại những địa điểm hút mắt","Vượt qua bia Hải Xồm, Thu Hằng, Vuvuzela, một chuỗi quán nhậu bất ngờ 'bùng nổ' mở loạt chi nhánh tại những địa điểm hút mắt"
2024-06-19,"Vượt mặt Microsoft, Nvidia trở thành công ty có giá trị vốn hóa cao nhất thế giới","Vượt mặt Microsoft, Nvidia trở thành công ty có giá trị vốn hóa cao nhất thế giới"
2024-08-13,Mỏ khí Cá Voi Xanh và chuỗi dự án khí - điện 10 tỷ USD tại Quảng Nam - Quảng Ngãi tiếp tục trì trệ khi Exxon Mobil không còn 'mặn mà',"TIN MỚI Theo thông tin từ Báo Đấu Thầu, Bộ Công Thương đã gửi văn bản UBND tỉnh Quảng Nam về tiến độ triển khai Dự án Phát triển mỏ khí Cá Voi Xanh. Theo đó, ngày 2/7/2024, ExxonMobil (nhà điều hành Dự án) có báo cáo về tình hình triển khai Dự án với tiến độ không có nhiều thay đổi. Các khó khăn, vướng mắc của Dự án là thủ tục cho thuê đất để triển khai Dự án; nâng cấp cảng Kỳ Hà để phục vụ sản xuất Condensate; tuyến ống đi qua Cảng hàng không quốc tế Chu Lai vẫn chưa được giải quyết dứt điểm. Đáng chú ý, theo Bộ Công Thương, vướng mắc chính của Dự án là Tập đoàn Exxon Mobil không ưu tiên triển khai Dự án trong giai đoạn hiện nay do chịu tác động của xu thế chuyển dịch năng lượng đang diễn ra trên toàn cầu. Mỏ khí Cá Voi Xanh nằm cách bờ biển miền Trung khoảng 100 km về phía đông, do Tập đoàn ExxonMobil của Hoa Kỳ làm nhà điều hành. Cá Voi Xanh được cho là mỏ lớn nhất Việt Nam vào thời điểm hiện tại. Chuỗi dự án khí - điện Cá Voi Xanh có tổng mức đầu tư gần 10 tỷ USD bao gồm các dự án thành phần: + Thượng nguồn, trung nguồn: dự án phát triển mỏ CVX (bao gồm hệ thống khai thác khí ngoài khơi, đường ống vận chuyển khí về bờ và nhà máy xử lý khí trên bờ) thuộc PSC Lô 117-119; + Hạ nguồn: các dự án Nhà máy điện tại Quảng Nam (Miền Trung I&II, công suất 750MW/nhà máy do PVN là Chủ đầu tư) và Quảng Ngãi (Dung Quất I&III, công suất 750MW/1 nhà máy do EVN là Chủ đầu tư và Dung Quất II, công suất 750 MW do Sembcorp là Chủ đầu tư - BOT). Tổng trữ lượng thu hồi dự kiến là 248 tỷ m3 khí thô (~150 tỷ m3 khí hydrocarbon). Trong giai đoạn bình ổn hàng năm sẽ cung cấp khoảng 7 tỷ m3 khí thô cho các hộ tiêu thụ điện hạ nguồn. Tiến độ Chuỗi dự án đã bị chậm khoảng 5 năm (dự kiến có dòng khí đầu tiên vào năm 2028). Theo PVN, tiến độ triển khai dự án Cá Voi Xanh bị chậm do ExxonMobil chưa tích cực chủ động triển khai các công việc của Dự án. ExxonMobil chỉ tiến hành một số công việc đang triển khai theo Chương trình công tác và Ngân sách được phê duyệt và chờ có quyết định từ Công ty mẹ). Điều này ảnh hưởng lớn đến tiến độ thực hiện dự án. Trước đó, ExxonMobil đã hoàn tất ký kết thỏa thuận hợp đồng khung về mua bán khí, thiết kế tổng thể (FEED) và một số hạng mục bao gồm: Giải phóng mặt bằng trên bờ (nhà máy, kho cảng, đường ống vận chuyển khí) và công tác khảo sát, an toàn môi trường. Đầu tư điện gió ngoài khơi, PVN kiến nghị gỡ khó nhiều dự án, gồm Cá Voi Xanh"
2024-08-16,"Chứng khoán bùng nổ, cổ phiếu bất động sản đồng loạt xanh tím","Chứng khoán bùng nổ, cổ phiếu bất động sản đồng loạt xanh tím"
2024-08-24,Có phải đền bù hoa màu khi lấy lại đất?,Có phải đền bù hoa màu khi lấy lại đất?
2024-08-29,"Chính quyền cấp sổ đỏ sai, đẩy người dân Nam Sơn vào thế khó","Chính quyền cấp sổ đỏ sai, đẩy người dân Nam Sơn vào thế khó"
2024-09-07,"Người dân xóm Phao chằng chống nhà, căng mình trước bão số 3","Người dân xóm Phao chằng chống nhà, căng mình trước bão số 3"
2024-09-19,4 gã khổng lồ trong ngành dầu khí với vốn hoá gần 1.000 tỷ USD cùng khởi nguồn từ 1 gia tộc,4 gã khổng lồ trong ngành dầu khí với vốn hoá gần 1.000 tỷ USD cùng khởi nguồn từ 1 gia tộc
2024-09-25,Mở rộng 'bán điện cho hàng xóm' trong khu công nghiệp?,Mở rộng 'bán điện cho hàng xóm' trong khu công nghiệp?
2024-09-28,Phát hiện xóm cổ đẹp như tranh ẩn mình giữa núi rừng hùng vĩ,Phát hiện xóm cổ đẹp như tranh ẩn mình giữa núi rừng hùng vĩ
2024-10-03,Cơ hội 'bán điện cho hàng xóm' ngày càng lớn,Cơ hội 'bán điện cho hàng xóm' ngày càng lớn
2024-10-04,Hai nhóm cổ phiếu hưởng lợi lớn nếu ông Donald Trump tái đắc cử Tổng thống Mỹ - Chi tiết bài viết,Hai nhóm cổ phiếu hưởng lợi lớn nếu ông Donald Trump tái đắc cử Tổng thống Mỹ - Chi tiết bài viết
2024-11-11,Sang tên Sổ đỏ có phải ký giáp ranh không?,Sang tên Sổ đỏ có phải ký giáp ranh không?
2024-11-24,Đào hầm làm sập nhà hàng xóm phải bồi thường thiệt hại ra sao?,Đào hầm làm sập nhà hàng xóm phải bồi thường thiệt hại ra sao?
2024-12-13,Thay đổi 180 tên sau sắp xếp đơn vị hành chính ở Nam Định,Thay đổi 180 tên sau sắp xếp đơn vị hành chính ở Nam Định
2025-01-08,Chi Pu đi cùng ‘CHIN-SU một triệu bữa cơm có thịt’ mang Tết tưng bừng cho các trò vùng cao,Chi Pu đi cùng ‘CHIN-SU một triệu bữa cơm có thịt’ mang Tết tưng bừng cho các trò vùng cao
2025-02-24,Hướng Dẫn Toàn Diện Về InvestingPro: Bí Quyết Thành Công Cho Nhà Đầu Tư,Hướng Dẫn Toàn Diện Về InvestingPro: Bí Quyết Thành Công Cho Nhà Đầu Tư
2025-02-28,Hai bài tập hiệu quả giúp giảm tác hại của việc ngồi lâu,Hai bài tập hiệu quả giúp giảm tác hại của việc ngồi lâu
2025-04-02,Hàng xóm của Việt Nam 'trúng mánh' khi ngồi trên 2 'núi vàng' khổng lồ - Chi tiết bài viết,Hàng xóm của Việt Nam 'trúng mánh' khi ngồi trên 2 'núi vàng' khổng lồ - Chi tiết bài viết
2025-04-18,Biến động mới của 5 dự án liên quan mỏ khí lớn nhất Việt Nam,Biến động mới của 5 dự án liên quan mỏ khí lớn nhất Việt Nam
2025-05-29,Khởi tố thêm 4 đối tượng liên quan sàn giao dịch bất hợp pháp Fnory.com,Khởi tố thêm 4 đối tượng liên quan sàn giao dịch bất hợp pháp Fnory.com
2025-06-09,"Lừa đảo chứng khoán ngày càng tinh vi: Dựng app giả, lấy tiền thật","Lừa đảo chứng khoán ngày càng tinh vi: Dựng app giả, lấy tiền thật"
2025-06-12,"Bộ trưởng Công Thương Nguyễn Hồng Diên làm việc với Nike, Walmart và Exxon Mobil","TIN MỚI Ngày 11-6 (giờ địa phương), Bộ trưởng Bộ Công Thương Nguyễn Hồng Diên đã có buổi tiếp và làm việc với lãnh đạo hai tập đoàn hàng đầu của Mỹ là Nike và Walmart, hiện đang có hoạt động đầu tư, kinh doanh quy mô lớn tại Việt Nam. Bộ trưởng Bộ Công Thương tiếp và làm việc với Tập đoàn Nike Tại buổi làm việc với Nike, Bộ trưởng Nguyễn Hồng Diên đánh giá cao sự hiện diện lâu dài, có trách nhiệm của Tập đoàn tại Việt Nam - nơi đang sản xuất khoảng 50% sản lượng giày Nike toàn cầu, tạo việc làm cho hơn 450.000 lao động; đồng thời chia sẻ quan ngại về tác động tiềm tàng của chính sách thuế hiện nay đối với chuỗi cung ứng toàn cầu của Nike cũng như lợi ích của người tiêu dùng Mỹ; từ đó đề xuất một số định hướng hỗ trợ phù hợp đối với hoạt động của Nike tại Việt Nam. Chiều cùng ngày, làm việc với Walmart - tập đoàn bán lẻ lớn nhất thế giới, trao đổi về những vướng mắc Walmart đang gặp phải trong quá trình kinh doanh tại Việt Nam, Bộ trưởng Bộ Công Thương khẳng định sẽ phối hợp với Bộ Tài chính và các cơ quan liên quan để rà soát, hoàn thiện chính sách, đảm bảo minh bạch và phù hợp với thông lệ quốc tế. Nhấn mạnh vai trò của cộng đồng doanh nghiệp Mỹ trong bối cảnh đàm phán Hiệp định Thương mại đối ứng đang bước vào giai đoạn then chốt, Bộ trưởng kêu gọi Nike và Walmart lên tiếng ủng hộ mạnh mẽ, thúc đẩy tiến trình đàm phán sớm đạt được một thỏa thuận công bằng, cân bằng và bền vững giữa Việt Nam và Mỹ. Trước đó, Bộ trưởng Bộ Công Thương Nguyễn Hồng Diên đã có cuộc việc với bà Jenniffer M. Chan, bà Zoe Barinaga, Phó Chủ tịch tập đoàn Exxon Mobil. Các đại diện của Exxon Mobil khẳng định luôn tin tưởng vào triển vọng phát triển kinh tế, và tiềm năng của Việt Nam tại khu vực Đông Nam Á và đây là lý do mà Exxon Mobil đã triển khai nhiều dự án tại Việt Nam. Exxon Mobil đánh giá cao những cải cách gần đây của Việt Nam dưới sự lãnh đạo của Tổng Bí thư Tô Lâm, và cho rằng những thay đổi tích cực của Việt Nam cộng với sự ổn định về chính trị đang làm các nhà đầu tư tin tưởng và tiếp tục thu hút thêm nhiều nhà đầu tư khác. Đại diện Tập đoàn cũng cam kết sẽ chuyển thông điệp tích cực về Việt Nam tới Nhà Trắng, Cơ quan đại diện thương mại Mỹ (USTR), Bộ Thương mại, và Bộ Năng lượng nhằm ủng hộ Việt Nam trong quá trình đàm phán với Mỹ. Đáng chú ý, Bộ trưởng Bộ Công Thương cũng có cuộc làm việc với Thượng nghị sĩ Roger Marshall, đại diện bang Kansas, thành viên Đảng Cộng hòa và là tiếng nói có ảnh hưởng trong chính giới Mỹ về các vấn đề kinh tế, thương mại và nông nghiệp. Thượng Nghị sĩ Roger Marshall đánh giá cao sự nghiêm túc, chủ động và thiện chí của Việt Nam khi tham gia đàm phán với Mỹ, cho biết sẽ sớm có ý kiến với Tổng thống và các Bộ trưởng trong nội các của Mỹ có liên quan tới quá trình đàm phán và rất mong thấy kết quả tích cực từ hai phía. Giày Adidas, Nike, Puma giả, giá vài trăm nghìn một đôi bán khắp nơi ở TP.HCM"
2025-06-26,Ngành dầu khí có thể sắp có thương vụ mua lại khổng lồ Shell - BP,Ngành dầu khí có thể sắp có thương vụ mua lại khổng lồ Shell - BP
2025-07-18,"Nông dân Đắk Lắk trồng loại cây cao vút tưởng chỉ làm hàng rào, từ 4ha mà kiếm tiền tỷ: Hàng xóm xung quanh phục lăn","Nông dân Đắk Lắk trồng loại cây cao vút tưởng chỉ làm hàng rào, từ 4ha mà kiếm tiền tỷ: Hàng xóm xung quanh phục lăn"
2025-08-05,"VIC: Kiểm chứng hàng ghế 'ngồi xổm' trên VinFast Limo Green: Người cao 1,75 mét ngồi vừa không? - Chi tiết bài viết","VIC: Kiểm chứng hàng ghế 'ngồi xổm' trên VinFast Limo Green: Người cao 1,75 mét ngồi vừa không? - Chi tiết bài viết"
2025-08-16,Cuộc sống đảo lộn vì làm hàng xóm với Mark Zuckerberg,Cuộc sống đảo lộn vì làm hàng xóm với Mark Zuckerberg
2025-08-18,Sự thật về giải pháp 'cứ dùng nhựa rồi tái chế',Sự thật về giải pháp 'cứ dùng nhựa rồi tái chế'
2025-08-19,Nhà sáng lập FIDT Huỳnh Minh Tuấn: Hành trình từ start-up bán cơm đến sứ mệnh nâng cao dân trí tài chính người Việt,Nhà sáng lập FIDT Huỳnh Minh Tuấn: Hành trình từ start-up bán cơm đến sứ mệnh nâng cao dân trí tài chính người Việt
2025-08-25,Tập đoàn Mỹ muốn đầu tư nhà máy lọc dầu 10 tỷ USD tại Khánh Hòa,Tập đoàn Mỹ muốn đầu tư nhà máy lọc dầu 10 tỷ USD tại Khánh Hòa
2025-08-25,Exxon Mobil muốn đầu tư dự án lọc dầu 10 tỷ USD tại Khánh Hoà,"TIN MỚI Trong buổi làm việc với lãnh đạo tỉnh Khánh Hoà mới đây, đại diện Tập đoàn ExxonMobil cho biết chuyến thăm lần này là bước đi quan trọng trong kế hoạch dài hạn nhằm phát triển một tổ hợp lọc dầu phát thải thấp tại khu vực châu Á - Thái Bình Dương. Dự án lọc dầu này có vốn đầu tư 10 tỷ USD được triển khai tại Khu kinh tế Vân Phong.﻿ Theo kế hoạch, báo cáo nghiên cứu khả thi sẽ hoàn tất vào năm 2027, khởi động các thủ tục cấp phép và xây dựng từ năm 2031 và vận hành thương mại vào năm 2035. Ông Trần Minh Chiến, Trưởng Ban quản lý Khu kinh tế và Khu công nghiệp Khánh Hòa, khẳng định địa phương cam kết đồng hành cùng nhà đầu tư trong giai đoạn nghiên cứu. “Chúng tôi duy trì liên lạc thường xuyên với tập đoàn và đã đề xuất các sở, ngành ưu tiên phối hợp để hỗ trợ tối đa,” ông Chiến nói. Trong chuyến khảo sát, đoàn ExxonMobil đã đến Cảng Nam Vân Phong, kho xăng dầu ngoại quan Vân Phong và khu vực Ninh Tịnh (phường Đông Ninh Hòa). Lãnh đạo tỉnh cũng giới thiệu những lợi thế của Vân Phong như vị trí chiến lược, hạ tầng dịch vụ – công nghiệp đồng bộ và nhiều chính sách ưu đãi đầu tư. ExxonMobil được thành lập năm 1999 sau khi Exxon và Mobil sáp nhập, hiện vận hành 37 nhà máy lọc dầu tại 21 quốc gia, với hơn 72.000 nhân viên toàn cầu. Năm 2024, tập đoàn ghi nhận doanh thu 344,6 tỷ USD. Tại Việt Nam, ExxonMobil có mặt từ năm 2008, đang hợp tác cùng Petrovietnam và PVEP triển khai dự án khí – điện Cá Voi Xanh với tổng công suất 3.000 MW, song tiến độ vẫn chậm. Ngoài ra, tập đoàn này cũng liên doanh cùng JERA (Nhật Bản) và VinaCapital nghiên cứu dự án nhà máy điện khí LNG 5,09 tỷ USD tại Hải Phòng, công suất 4.500 MW. Khu kinh tế Vân Phong rộng 150.000 ha, chia thành 19 phân khu chức năng. Đến nay, nơi đây đã thu hút 155 dự án với tổng vốn đăng ký 5,4 tỷ USD, trong đó 106 dự án đã đi vào hoạt động. Riêng 6 tháng đầu năm 2025, khu kinh tế này đón thêm 6 dự án mới trị giá hơn 3.000 tỷ đồng và điều chỉnh tăng vốn gần 300 tỷ đồng cho 2 dự án hiện hữu. Doanh nghiệp lọc dầu tỷ đô đạt doanh thu hơn 69.000 tỷ đồng, lợi nhuận vượt 93% kế hoạch trong nửa đầu năm 2025"
2025-08-26,“Ông lớn” năng lượng Mỹ muốn rót hơn 10 tỷ USD vào dự án lọc hóa dầu tại Khánh Hòa,“Ông lớn” năng lượng Mỹ muốn rót hơn 10 tỷ USD vào dự án lọc hóa dầu tại Khánh Hòa
2025-08-27,10 công ty dầu mỏ hàng đầu thế giới năm 2025 - Chi tiết bài viết,10 công ty dầu mỏ hàng đầu thế giới năm 2025 - Chi tiết bài viết
2025-09-12,"Mã cổ phiếu Chevron (NYSE: CVX) - Hướng dẫn đầu tư, cách mua, so sánh, định giá","Mã cổ phiếu Chevron (NYSE: CVX) - Hướng dẫn đầu tư, cách mua, so sánh, định giá"
2025-09-19,ExxonMobil dừng dự án tái chế 80.000 tấn rác nhựa,ExxonMobil dừng dự án tái chế 80.000 tấn rác nhựa
2025-09-25,"Sổ đỏ kẹt vì hàng xóm không chịu ký vào sơ đồ thửa đất, giải quyết thế nào","Sổ đỏ kẹt vì hàng xóm không chịu ký vào sơ đồ thửa đất, giải quyết thế nào"
2025-10-02,COM: Công ty Cổ phần Vật tư - Xăng dầu (HOSE),COM: Công ty Cổ phần Vật tư - Xăng dầu (HOSE)
2025-10-18,Dùng búa chém trọng thương hàng xóm rồi bỏ trốn,Dùng búa chém trọng thương hàng xóm rồi bỏ trốn
2025-10-22,"Giả mạo các quỹ đầu tư VinaCapital, STIC Investments... để lừa đảo","Giả mạo các quỹ đầu tư VinaCapital, STIC Investments... để lừa đảo"
2025-11-05,Khẩn trương sơ tán 185 hộ dân xóm Núi ở Nha Trang trước bão số 13,Khẩn trương sơ tán 185 hộ dân xóm Núi ở Nha Trang trước bão số 13
2025-11-06,"Chính phủ yêu cầu kiểm soát chặt thị trường vàng, chứng khoán và bất động sản","Chính phủ yêu cầu kiểm soát chặt thị trường vàng, chứng khoán và bất động sản"
2026-01-06,"Tăng gần 600 điểm, Dow Jones lập kỷ lục mới bất chấp khủng hoảng ở Venezuela","Tăng gần 600 điểm, Dow Jones lập kỷ lục mới bất chấp khủng hoảng ở Venezuela"
2026-01-08,Dow Jones quay đầu giảm hơn 450 điểm,Dow Jones quay đầu giảm hơn 450 điểm
2026-01-10,Donald Trump thúc giục các tập đoàn dầu khí đầu tư khai thác “vàng đen” ở Venezuela,Donald Trump thúc giục các tập đoàn dầu khí đầu tư khai thác “vàng đen” ở Venezuela
2026-01-10,"CEO ExxonMobil phản bác ông Trump, nói Venezuela 'không thể đầu tư được'","CEO ExxonMobil phản bác ông Trump, nói Venezuela 'không thể đầu tư được'"
2026-01-12,"Tập đoàn dầu khí Exxon Mobil nói 'không thể đầu tư' vào Venezuela, ông Trump nổi giận","Tập đoàn dầu khí Exxon Mobil nói 'không thể đầu tư' vào Venezuela, ông Trump nổi giận"
2026-01-28,6 báo cáo lợi nhuận tác động thị trường chứng khoán Mỹ tuần này,6 báo cáo lợi nhuận tác động thị trường chứng khoán Mỹ tuần này
2026-02-11,ExxonMobil Việt Nam đẩy mạnh xây dựng cộng đồng bền vững,ExxonMobil Việt Nam đẩy mạnh xây dựng cộng đồng bền vững
2026-03-02,"Giá vàng tăng vọt sau vụ tấn công Iran có thể giảm, Pepperstone nhận định","Giá vàng tăng vọt sau vụ tấn công Iran có thể giảm, Pepperstone nhận định"
2026-03-03,Công ty cổ phần Lọc hóa dầu Bình Sơn,Công ty cổ phần Lọc hóa dầu Bình Sơn
2026-03-04,ExxonMobil dự báo Mỹ đủ khả năng ứng phó cú sốc năng lượng,ExxonMobil dự báo Mỹ đủ khả năng ứng phó cú sốc năng lượng
2026-03-04,Danh sách các mã cổ phiếu Mỹ tăng giá sau cuộc tấn công của Iran,Danh sách các mã cổ phiếu Mỹ tăng giá sau cuộc tấn công của Iran
2026-03-05,"Qatar tạm dừng xuất khẩu LNG, các 'ông lớn' phương Tây hưởng lợi","Qatar tạm dừng xuất khẩu LNG, các 'ông lớn' phương Tây hưởng lợi"
2026-03-17,63 tỷ USD sẽ chảy vào túi Mỹ nếu dầu thô duy trì mức giá 100 USD/thùng,63 tỷ USD sẽ chảy vào túi Mỹ nếu dầu thô duy trì mức giá 100 USD/thùng
2026-03-23,Chứng khoán châu Á giảm mạnh; Nhật Bản và Hàn Quốc dẫn đầu đà lao dốc khi khủng hoảng Iran leo thang,Chứng khoán châu Á giảm mạnh; Nhật Bản và Hàn Quốc dẫn đầu đà lao dốc khi khủng hoảng Iran leo thang
2026-03-24,"Sáng 24-3, lộ diện thêm nhiều người trong một xóm trúng thưởng xổ số miền Nam","Sáng 24-3, lộ diện thêm nhiều người trong một xóm trúng thưởng xổ số miền Nam"
2026-03-24,3 cổ phiếu Mỹ biến động theo giá dầu,3 cổ phiếu Mỹ biến động theo giá dầu
2026-03-24,3 công ty Trung Quốc 'kiếm' được 70 tỷ USD giữa khủng hoảng dầu mỏ,3 công ty Trung Quốc 'kiếm' được 70 tỷ USD giữa khủng hoảng dầu mỏ
2026-03-28,Các hãng dầu có thể kiếm tỷ USD trong xung đột Trung Đông,Các hãng dầu có thể kiếm tỷ USD trong xung đột Trung Đông
2026-03-30,"Chevron, Exxon Mobil tăng trong phiên giao dịch trước giờ mở cửa; Sysco giảm","Chevron, Exxon Mobil tăng trong phiên giao dịch trước giờ mở cửa; Sysco giảm"
2026-03-30,"1 cổ phiếu nên mua, 1 cổ phiếu nên bán tuần này: ExxonMobil và Nike","1 cổ phiếu nên mua, 1 cổ phiếu nên bán tuần này: ExxonMobil và Nike"
2026-04-08,Exxon Mobil Corp (XOM) cổ phiếu di chuyển giảm 6.02% vào ngày 8 thg 4: Phân tích đầy đủ,Exxon Mobil Corp (XOM) cổ phiếu di chuyển giảm 6.02% vào ngày 8 thg 4: Phân tích đầy đủ
2026-04-09,Sản lượng dầu khí của ExxonMobil giảm 6% do xung đột tại Trung Đông,Sản lượng dầu khí của ExxonMobil giảm 6% do xung đột tại Trung Đông
2026-04-11,Bán điện cho hàng xóm vẫn khó,Bán điện cho hàng xóm vẫn khó
2026-04-17,Exxon Mobil Corp (XOM) cổ phiếu đã mở giảm 5.05% vào ngày 17 thg 4: Những thông tin cốt lõi nhà đầu tư cần biết,Exxon Mobil Corp (XOM) cổ phiếu đã mở giảm 5.05% vào ngày 17 thg 4: Những thông tin cốt lõi nhà đầu tư cần biết
2026-04-17,Tại sao Chính quyền Trump thúc giục Exxon Mobil và Chevron tăng sản lượng? Các động thái và tác động đằng sau giá dầu cao,Tại sao Chính quyền Trump thúc giục Exxon Mobil và Chevron tăng sản lượng? Các động thái và tác động đằng sau giá dầu cao
2026-04-17,"Giá dầu lao dốc, Phố Wall tiếp tục thiết lập đỉnh mới","Giá dầu lao dốc, Phố Wall tiếp tục thiết lập đỉnh mới"
2026-04-20,"Chevron, Exxon Mobil tăng trước giờ giao dịch; AST SpaceMobile giảm mạnh","Chevron, Exxon Mobil tăng trước giờ giao dịch; AST SpaceMobile giảm mạnh"
2026-04-21,Các hãng dầu khí tìm nơi khai thác mới ngoài Trung Đông,Các hãng dầu khí tìm nơi khai thác mới ngoài Trung Đông
2026-04-22,Loạt 'ông lớn' dầu khí đang dần 'né' Trung Đông,Loạt 'ông lớn' dầu khí đang dần 'né' Trung Đông
2026-04-30,"Chứng khoán châu Á giảm do giá dầu tăng vọt, triển vọng Fed và thu nhập công nghệ trái chiều","Chứng khoán châu Á giảm do giá dầu tăng vọt, triển vọng Fed và thu nhập công nghệ trái chiều"
2026-05-03,"Phải cẩu nhà, dời đi vì xây nhầm trên đất hàng xóm","Phải cẩu nhà, dời đi vì xây nhầm trên đất hàng xóm"
2026-05-06,Chevron Corp (CVX) cổ phiếu di chuyển giảm 3.82% vào ngày 6 thg 5: Những thông tin cốt lõi nhà đầu tư cần biết,Chevron Corp (CVX) cổ phiếu di chuyển giảm 3.82% vào ngày 6 thg 5: Những thông tin cốt lõi nhà đầu tư cần biết
2026-05-14,Phó Giáo sư người Việt lọt top nhà khoa học có ảnh hưởng nhất Australia: Cứ tái xuất là cư dân mạng nhắc quá khứ 'trộm xe đạp của bạn cùng xóm trọ',Phó Giáo sư người Việt lọt top nhà khoa học có ảnh hưởng nhất Australia: Cứ tái xuất là cư dân mạng nhắc quá khứ 'trộm xe đạp của bạn cùng xóm trọ'
2026-05-15,Exxon Mobil Corp (XOM) cổ phiếu đã đóng tăng 3.84% vào ngày 15 thg 5: Phân tích đầy đủ,Exxon Mobil Corp (XOM) cổ phiếu đã đóng tăng 3.84% vào ngày 15 thg 5: Phân tích đầy đủ
2026-05-16,Exxon Mobil chỉ trích ISS về khuyến nghị chuyển trụ sở đến Texas,Exxon Mobil chỉ trích ISS về khuyến nghị chuyển trụ sở đến Texas
2026-05-18,Shell PLC (SHEL) cổ phiếu di chuyển tăng 3.52% vào ngày 18 thg 5: Những yếu tố thúc đẩy biến động,Shell PLC (SHEL) cổ phiếu di chuyển tăng 3.52% vào ngày 18 thg 5: Những yếu tố thúc đẩy biến động
2026-05-26,Exxon Mobil Corp (XOM) cổ phiếu di chuyển giảm 3.31% vào ngày 26 thg 5: Phân tích đầy đủ,Exxon Mobil Corp (XOM) cổ phiếu di chuyển giảm 3.31% vào ngày 26 thg 5: Phân tích đầy đủ
2026-06-03,S&P nâng triển vọng cổ phiếu Exxon Mobil nhờ dòng tiền mạnh,S&P nâng triển vọng cổ phiếu Exxon Mobil nhờ dòng tiền mạnh
2026-06-03,Exxon Mobil Corp (XOM) cổ phiếu di chuyển tăng 3.06% vào ngày 3 thg 6: Các yếu tố chính được tiết lộ,Exxon Mobil Corp (XOM) cổ phiếu di chuyển tăng 3.06% vào ngày 3 thg 6: Các yếu tố chính được tiết lộ
2026-06-04,Chứng khoán 2026 chờ động lực mới từ Làn sóng IPO,Chứng khoán 2026 chờ động lực mới từ Làn sóng IPO
2026-06-08,"Chứng khoán châu Á lao dốc, KOSPI chịu áp lực từ cổ phiếu AI","Chứng khoán châu Á lao dốc, KOSPI chịu áp lực từ cổ phiếu AI"
