Date,Open,High,Low,Close,Volume
2023-07-17,62469.507045297374,62982.95504840941,61784.909707814666,61870.484375,5802800
2023-07-19,62041.64016765668,62469.51354812328,61956.06549156336,62127.21484375,3025100
2023-07-20,62127.21484375,62298.364195936636,61870.49081547004,62127.21484375,2600707
2023-07-21,62127.20691964286,62897.37890625,62041.63225446429,62897.37890625,3821822
2023-07-24,62897.38236137059,63325.25571076767,62726.233021611755,62982.95703125,2535331
2023-07-26,63667.548125,64352.145416666666,63581.97346354167,64180.99609375,3189718
2023-07-28,64865.59445655685,66491.51305111434,64694.445130813954,66234.7890625,6143629
2023-08-03,63410.83498514979,63410.83498514979,62127.21484375,62127.21484375,2917624
2023-08-04,62041.63835081335,62469.51171875,61613.76498287671,62469.51171875,3165221
2023-08-07,62383.92483206776,64095.41796875,61870.47689106309,64095.41796875,5087933
2023-08-08,63924.27041212248,64095.41973049496,63239.67313863255,63753.12109375,3510526
2023-08-09,63753.12339688782,63753.12339688782,62298.35413816689,62555.078125,3727162
2023-08-10,62555.078125,63325.25008549931,62383.92880044459,62555.078125,2813226
2023-08-11,62555.08024553571,62897.37890625,61956.057589285716,62897.37890625,2204332
2023-08-14,62811.8125,62897.38717643052,62041.64041212534,62811.8125,3366514
2023-08-15,62383.93013285543,62811.803453382556,62212.78080464457,62298.35546875,2259703
2023-08-16,62298.35413816689,62897.3767741108,62041.63015133379,62555.078125,2083904
2023-08-17,62555.08368185293,63753.12906016475,62383.93434209409,62982.95703125,4650904
2023-08-18,62897.383718451565,64009.85445088676,61699.33831429059,62726.234375,7106201
2023-08-21,62212.78036051098,63154.10165895062,62212.78036051098,62383.9296875,3617708
2023-08-22,62640.65064047455,62640.65064047455,60843.58279423143,62212.77734375,3075108
2023-08-23,61956.057589285716,62982.953571428574,61271.46026785715,62897.37890625,4172801
2023-08-24,62897.38516566265,64095.43059738955,62469.51179718875,63924.28125,5206002
2023-08-25,64437.71659608645,64437.71659608645,63581.97002774533,64095.41796875,3045401
2023-08-28,64181.00629813864,66833.82122512837,64181.00629813864,66662.671875,6034900
2023-08-29,66320.36372537144,66405.9383882429,65207.893108042634,66234.7890625,4199801
2023-08-30,65892.48092062982,67176.1006788239,65464.607667898454,66577.078125,2659700
2023-08-31,66320.35417336118,67518.399281009,65978.0555711761,66577.078125,4386000
2023-09-05,67176.11774344569,68887.61118913858,66833.81905430711,68545.3125,6839901
2023-09-06,68545.30904296874,68545.30904296874,68031.86103515625,68459.734375,2280401
2023-09-07,68374.15018671384,68459.72484276729,67261.67965801887,68031.8515625,3726700
2023-09-08,67775.13703125,68545.30904296874,67689.56236328125,68459.734375,2774901
2023-09-11,68459.72484276729,69401.04605935534,66405.93309748427,68031.8515625,4234900
2023-09-12,67603.98252646327,69058.75177070362,67004.95989648195,68716.453125,2708500
2023-09-13,68117.42797882427,68716.45058667826,67347.25605444059,67689.5546875,2507600
2023-09-14,67176.10157233942,68459.72134760706,67090.52692065491,67946.2734375,2660100
2023-09-15,67946.27690644654,69486.6207154088,67603.97828223271,68031.8515625,5614800
2023-09-18,67689.56340106147,68288.58608602661,67347.26472393853,67518.4140625,1499600
2023-09-19,67176.11538537705,67518.4140625,66234.79402328897,67518.4140625,2571703
2023-09-20,67090.53560025543,67432.83425127713,66748.23694923372,67004.9609375,2403202
2023-09-21,66833.81685697116,67004.96619591345,66149.21950120192,66748.2421875,2577902
2023-09-22,65978.06851814516,67004.96452620967,64865.59784274193,66320.3671875,4361903
2023-09-25,66063.63885309278,67176.10945554124,65635.76554445876,66405.9375,2795503
2023-09-26,66405.93630913273,66748.23494990144,65036.74174605782,65122.31640625,2634600
2023-09-27,65293.463528067885,65550.1875,64009.84366840731,65550.1875,2273300
2023-09-28,65122.32224473596,65379.04624832887,64009.8515625,64009.8515625,2034300
2023-09-29,64181.00757033356,65379.05304497979,63496.41015625,63496.41015625,1403900
2023-10-02,63496.40002893518,64694.4453125,63496.40002893518,64694.4453125,1304901
2023-10-03,63838.69797297297,64266.571283783785,63239.67533783784,63325.25,2013700
2023-10-04,62982.94959677419,63838.69619455645,62811.80027721774,63667.546875,1177900
2023-10-05,63410.82257457874,63667.54655261348,62212.77734374999,62212.77734375,2645700
2023-10-06,62212.79000484333,63496.41015625,62127.215328082886,63496.41015625,1327000
2023-10-09,63325.25917995251,63410.83385452002,62982.9604816825,63068.53515625,1621374
2023-10-10,63581.97221522177,64180.994833669356,63325.24823588709,63667.546875,1123900
2023-10-11,63838.69619455645,64009.8455141129,63325.24823588709,63667.546875,1898774
2023-10-12,63753.12831125828,64951.17367549669,63753.12831125828,64608.875,2534800
2023-10-13,64523.29898787929,65293.470991713395,64181.000319508574,64865.59765625,1560000
2023-10-16,64266.5737720246,64865.596430352394,63924.275110123,64352.1484375,1374400
2023-10-17,64437.72490182152,65122.32224473596,64009.8515625,64009.8515625,1595900
2023-10-18,64009.85169993235,64009.85169993235,61956.05966677944,63239.6796875,2572400
2023-10-19,62811.80183167017,62811.80183167017,60672.43528426996,61100.30859375,4007700
2023-10-20,61014.73770314662,62041.63370937068,60073.416364107885,61870.484375,2371808
2023-10-23,61357.038010817305,61613.762019230766,59987.843299278844,60073.41796875,2804900
2023-10-24,60073.409717283066,60586.85766358463,59987.83505956614,60158.984375,1099508
2023-10-25,60158.99416893116,60586.86752717391,59046.5234375,59046.5234375,2477700
2023-10-26,58618.64336520522,58704.21802705224,56393.70215718283,57335.0234375,5201700
2023-10-27,57591.74690372242,58190.76953125,56992.72427619485,58190.76953125,1811000
2023-10-30,58105.20057091346,58190.77524038461,57420.60321514423,57848.4765625,1112000
2023-10-31,58105.19487017463,59474.38944738051,57848.470886948526,58190.76953125,2183600
2023-11-01,59046.51722301136,60330.137162642044,58105.19593394886,60244.5625,2337200
2023-11-02,60330.14272412729,60672.44140625,59731.12003041255,60672.44140625,2390200
2023-11-03,60672.43761160714,60672.43761160714,59731.11629464286,59902.265625,1692700
2023-11-06,60073.41054137324,61185.88110695422,59987.835882482395,60758.0078125,1136800
2023-11-07,60330.139284295554,60586.86328125,59731.11662473517,60586.86328125,1474700
2023-11-08,60586.860622373955,61185.88325564601,59731.114003413866,61100.30859375,2339600
2023-11-09,61271.46105905234,61699.3343904703,60501.2890625,60501.2890625,3420100
2023-11-10,60586.86873653017,60586.86873653017,59559.97265625,59559.97265625,2833100
2023-11-13,59645.53562818413,59902.25959788937,58704.21440593158,58789.7890625,1730800
2023-11-14,59046.51215529753,59388.81077648766,58361.91491291727,58960.9375,2996000
2023-11-15,59902.266398514854,61442.61039161952,59902.266398514854,60501.2890625,3949400
2023-11-16,60415.70834815078,61014.73095216927,59816.685744132286,60158.984375,2368200
2023-11-17,60758.01227678572,60843.586941964284,59217.66830357143,59902.265625,2335800
2023-11-20,59217.6636228355,59816.68623173702,59046.514306006495,59303.23828125,2001000
2023-11-21,59388.81596223021,59731.11461330935,58960.94264838129,59474.390625,2989800
2023-11-22,59474.39889341679,60073.42161608429,59046.525520082854,59388.82421875,1533200
2023-11-23,59731.11028475255,59816.68494132096,58789.7890625,58789.7890625,1653100
2023-11-24,58704.22401171303,58960.94802342606,57848.477306002926,58447.5,3128900
2023-11-27,58447.49698857379,58533.071654735686,58105.19832392621,58276.34765625,1333300
2023-11-28,58276.3497604927,58618.6484375,57762.901744981755,58618.6484375,2192953
2023-11-29,58618.64497669956,58875.368969298244,58361.92098410088,58533.0703125,1419153
2023-11-30,58533.07483308606,58789.798845511876,57677.328125,57677.328125,2630600
2023-12-01,58190.771655701756,58618.64497669956,57934.04766310307,58533.0703125,1558800
2023-12-04,58618.650981104656,59474.39771075582,58533.076308139534,58875.375,3006600
2023-12-05,58875.37031938326,59046.51965170705,58190.77299008811,58276.34765625,2302100
2023-12-06,58276.3497604927,58704.22310675183,58276.3497604927,58618.6484375,1606600
2023-12-07,58875.368969298244,58875.368969298244,57762.89833470395,58533.0703125,3921300
2023-12-08,58533.075407608696,59303.247452445656,58190.776721014496,59046.5234375,3729400
2023-12-11,60330.138950892855,60330.138950892855,59816.690959821426,59902.265625,4763200
2023-12-12,59902.27226675072,59987.846941417505,59046.525520082854,59388.82421875,2788700
2023-12-13,59559.96320564516,59645.53786542339,58276.34330897177,58361.91796875,4601000
2023-12-15,58618.64632089758,58704.220987059474,58276.34765625,58276.34765625,4122500
2023-12-18,58276.34471781716,58361.91937966418,57335.0234375,57335.0234375,3613100
2023-12-19,57420.598099347015,57677.32208488806,56736.00080457089,57335.0234375,3151900
2023-12-20,57335.02632846916,58361.9223224119,57335.02632846916,58276.34765625,2623900
2023-12-21,58105.19575613016,58447.49440565081,58019.62109374999,58019.62109375,2875900
2023-12-22,58019.625901442305,58276.349909855766,57762.901893028844,57848.4765625,2620700
2023-12-25,57848.47132731959,58789.79260631443,57848.47132731959,58105.1953125,3128279
2023-12-26,58447.4935144761,58618.64283662684,58190.76953125,58190.76953125,1975400
2023-12-27,58621.812268518515,58794.229363425926,58190.76953125,58190.76953125,1736400
2023-12-28,58190.77383667883,59052.859375,58190.77383667883,59052.859375,2873700
2023-12-29,59225.27452963203,59225.27452963203,58276.98046875,58276.98046875,2257800
2024-01-02,58794.24065474012,59052.86634676977,58535.61496271047,58880.44921875,2142800
2024-01-03,58966.65101902174,59483.90234375,58621.81680253623,59483.90234375,1979801
2024-01-04,59570.110897871375,59914.94511435689,59483.90234375,59483.90234375,3401500
2024-01-05,59742.53107399164,59742.53107399164,59052.86260560501,59311.48828125,1775700
2024-01-08,59483.90281341642,59570.11136821847,58794.234375,58794.234375,2396400
2024-01-09,58794.23198880323,59052.85764271292,58621.81488619677,58708.0234375,2579400
2024-01-10,58708.02081597222,58708.02081597222,58104.56098379629,58190.76953125,3006600
2024-01-11,58190.771268639546,59052.856768915684,58190.771268639546,58535.60546875,2083900
2024-01-12,58276.98265438988,58535.60831705729,57759.73132905506,57932.1484375,3283000
2024-01-15,57932.14365671642,58190.76929804104,57759.7265625,57759.7265625,2336501
2024-01-16,57759.73606732196,58104.5703125,57501.11038343843,58104.5703125,2072400
2024-01-17,58190.775632218705,58535.60985818741,57759.73284975783,57845.94140625,1916400
2024-01-19,58104.5612132353,59139.06378676471,58104.5612132353,58621.8125,2809300
2024-01-22,58621.82352672035,59225.28347478953,58621.82352672035,58880.44921875,1959800
2024-01-23,58880.44273333641,58880.44273333641,58276.98285173559,58363.19140625,2252000
2024-01-24,58449.39822854755,58621.81533246657,57932.146916790494,58018.35546875,2083500
2024-01-25,58104.57014900972,58190.77871006166,57673.52734375,57673.52734375,2800500
2024-01-26,57759.7265625,58190.76929804104,57759.7265625,57759.7265625,1675800
2024-01-29,57845.93510960821,58018.35220382463,57673.51801539179,57759.7265625,2153800
2024-01-30,58018.36158795777,58018.36158795777,57673.52734375,57673.52734375,1840400
2024-01-31,57932.14365671642,58794.229127798506,57673.51801539179,57759.7265625,4441100
2024-02-01,57932.14388888889,58449.395173611105,57932.14388888889,58190.76953125,2549300
2024-02-02,58190.778873794516,58363.19599638353,57759.73606732196,58104.5703125,2677300
2024-02-05,58104.5612132353,58794.22959558824,57932.14411764706,58621.8125,3565900
2024-02-06,58708.02322369637,58794.23177468565,58276.98046875,58276.98046875,2463800
2024-02-07,58276.98046875,58535.60612171782,57932.1462647929,58276.98046875,2736300
2024-02-15,58276.98046875,58621.8146727071,57932.1462647929,58276.98046875,4115500
2024-02-16,58449.40007812501,60604.61394531251,58190.7744140625,60345.98828125,11114600
2024-02-19,61121.86754607093,62587.41303025035,60949.45043028511,61983.953125,7144500
2024-02-20,61811.53038133741,62414.99023164335,61466.69618116258,61639.11328125,4435700
2024-02-21,61639.12416177244,61983.95842281732,61208.08133546634,61466.70703125,3590200
2024-02-22,61466.7024484986,62673.62227217179,61294.28533083101,61725.328125,4698100
2024-02-23,61897.738710387326,62673.61565801057,61208.0703125,61208.0703125,6142500
2024-02-26,61208.0703125,61811.53016065141,60949.444663292255,61208.0703125,3138400
2024-02-27,61380.49557291667,62414.998307291666,61294.28701171875,62070.1640625,5282500
2024-02-28,62414.98740477839,62587.404497056785,61639.11048952562,62242.5703125,3509000
2024-02-29,62587.4154296875,63190.87535807292,61725.329817708334,62070.1640625,6568800
2024-03-01,62156.364581512236,62156.364581512236,61380.48763111888,61639.11328125,4487700
2024-03-04,61897.74694010417,62673.62399088542,61725.329817708334,62070.1640625,5014600
2024-03-05,62070.160530821915,62932.24609374999,61811.53486194349,62932.24609375,5530900
2024-03-06,63190.87050618036,63363.287615337744,61897.7421875,61897.7421875,4833900
2024-03-07,61811.53837890625,62156.37262369792,61466.70413411458,62070.1640625,5217600
2024-03-08,62156.367929687505,62846.0363671875,60345.98828125001,60345.98828125,7361000
2024-03-11,61568.62761713193,62267.27871065967,61131.9706836771,61393.96484375,4268400
2024-03-12,61481.290357142854,61655.953113839285,61131.96484375,61131.96484375,3844000
2024-03-13,61219.30139367055,61917.952479475636,61131.97000794491,61830.62109375,5706500
2024-03-14,62005.27798093971,62267.272113253544,61393.95833887411,61568.62109375,5476400
2024-03-15,62010.92216456214,62010.92216456214,60772.47293445676,60860.93359375,4851100
2024-03-18,60860.93897275405,61126.32097408873,59799.410967415315,60064.79296875,6796300
2024-03-19,60595.56064481932,60595.56064481932,59976.3359375,59976.3359375,3222100
2024-03-20,59976.332571231615,60684.01791130514,59710.950568704044,60153.25390625,3657800
2024-03-21,60330.176318073834,60595.55832533809,60064.79431080958,60507.09765625,5061700
2024-03-22,60684.02131729351,60772.4819897677,59976.3359375,59976.3359375,6162600
2024-03-25,60064.7952730312,60330.1772845468,59357.109908989594,59534.03125,5588600
2024-03-26,59622.48909481167,60064.792426375556,59534.028428498896,59887.87109375,2524500
2024-03-27,60153.253092688334,60153.253092688334,59710.949761124444,59887.87109375,2815600
2024-03-28,59887.87109375,60507.09575793944,59799.41042743722,59887.87109375,4492200
2024-03-29,60507.09943602071,60507.09943602071,59710.95339080991,59799.4140625,3694900
2024-04-01,59799.41245335821,59887.87312266791,59268.6484375,59268.6484375,5013000
2024-04-02,59268.649238484395,59622.4919205052,59003.26722696879,59534.03125,4322900
2024-04-03,59534.029633620696,59534.029633620696,59003.265625,59003.265625,5046100
2024-04-04,59003.269577071114,60507.101035557185,59003.269577071114,60330.1796875,8598100
2024-04-05,60330.174970084685,60330.174970084685,59887.87163452688,60064.79296875,4233800
2024-04-08,60153.25513059701,60153.25513059701,59180.1877681903,59268.6484375,3716000
2024-04-09,59357.1091068097,59534.0304454291,59091.7270988806,59268.6484375,2516000
2024-04-10,59357.10856802021,59534.02990503368,59091.7265625,59091.7265625,4464100
2024-04-11,59003.26535519895,59180.18669059685,58826.34401980105,58914.8046875,2947700
2024-04-12,59091.72629310345,59357.1082974138,58914.80495689656,59003.265625,2509200
2024-04-15,59003.264655961095,59003.264655961095,57410.97265625,57410.97265625,5776100
2024-04-16,57410.97414550782,57499.434814453125,55730.221435546875,56614.828125,7128700
2024-04-17,56968.671339563865,57410.97468847352,56791.75,56791.75,5144500
2024-04-19,56791.75,56968.671339563865,55995.60397196262,56791.75,4677100
2024-04-22,57234.05280761719,57764.81682128907,56614.828125,56614.828125,2035200
2024-04-23,56791.752054625984,56880.21272760827,55907.14532480315,56172.52734375,2139400
2024-04-24,56614.828125,56880.21013183594,56172.52478027344,56614.828125,2478300
2024-04-25,56614.82998454405,57322.51535935085,56526.369312693205,57234.0546875,2006000
2024-04-26,57234.05548076923,58207.12288461539,57057.134134615386,57499.4375,2940600
2024-05-02,57853.27734375,57941.73801247133,57410.974000143346,57853.27734375,2563400
2024-05-03,58030.1953125,58384.03796684452,57941.73464891387,58030.1953125,2204400
2024-05-06,58207.12109375,58737.885115881465,57941.739082684275,58207.12109375,2261300
2024-05-07,58384.040556066175,60595.55724379595,58295.57988855698,60153.25390625,8723900
2024-05-08,60153.25363586156,60153.25363586156,59357.107631857514,60064.79296875,2984400
2024-05-09,60064.79336758634,60064.79336758634,58914.8046875,58914.8046875,2998000
2024-05-10,59003.26508458647,59710.950422932336,58472.50108082707,58826.34375,2438800
2024-05-13,58914.80645659195,59091.72779730243,57853.27841232903,58207.12109375,2882500
2024-05-14,58295.579746240604,59268.64708646617,58295.579746240604,58826.34375,2704800
2024-05-15,59180.1877681903,59534.0304454291,59003.2664295709,59268.6484375,3895400
2024-05-16,59357.10964239211,59887.873663039434,59268.64897228423,59445.5703125,3153300
2024-05-17,59534.0304454291,59976.33379197761,59091.7270988806,59268.6484375,4349200
2024-05-20,59357.107480704064,59799.41081513554,58737.8828125,58737.8828125,4941500
2024-05-21,58737.88226963746,58914.803601774925,58207.118273225075,58560.9609375,3821200
2024-05-22,58737.885115881465,59003.26712694719,58207.12109375,58207.12109375,3728300
2024-05-23,58384.04174440298,59268.6484375,58207.12040578358,59268.6484375,2991400
2024-05-24,59003.26766690341,59180.189009232956,58118.660955255684,58384.04296875,4194100
2024-05-27,58472.50390625,58914.8072640885,58207.1218915469,58472.50390625,2426600
2024-05-28,58649.42321996632,59534.02990503368,58472.50188295284,59091.7265625,5787500
2024-05-29,59268.65048783936,59534.03250494909,58384.04376414027,58649.42578125,3644200
2024-05-30,58472.50283604452,58560.963505993146,57941.738816352736,58118.66015625,4502600
2024-05-31,58295.58068735665,58295.58068735665,57764.81667502867,57853.27734375,4165400
2024-06-03,58207.1218915469,58914.8072640885,58118.6612199792,58472.50390625,3302200
2024-06-04,58472.50363991477,58914.80699573864,58384.04296875,58384.04296875,3755800
2024-06-05,58560.959420620435,61214.7793339416,58560.959420620435,60595.5546875,11865800
2024-06-06,61037.86237444197,61037.86237444197,59445.5703125,59445.5703125,4907800
2024-06-07,59799.41459255163,60684.02131729351,59710.95392007744,59976.3359375,4127600
2024-06-10,60507.098353794645,60595.55902390253,59445.5703125,59445.5703125,4584100
2024-06-11,59622.4897556391,59710.950422932336,58737.88308270677,58826.34375,6177000
2024-06-12,58826.345090951494,59534.0304454291,58649.423752332084,59268.6484375,3522696
2024-06-13,59268.64816890882,59622.490844544096,59091.726831091175,59180.1875,4003600
2024-06-14,59268.64626604985,59534.02826425604,58560.9609375,58560.9609375,4124200
2024-06-17,58649.42498224432,58914.80699573864,58384.04296875,58384.04296875,3617600
2024-06-18,58826.34605581373,58826.34605581373,58295.58203125,58295.58203125,2751700
2024-06-19,58384.041084418066,58384.041084418066,57587.89506963055,57764.81640625,6211000
2024-06-20,57853.27894176137,59091.728338068184,57676.35759943182,58384.04296875,4397100
2024-06-21,58826.34632457387,59357.1103515625,58384.04296875,58384.04296875,4023700
2024-06-24,58472.50623807252,58914.809613549616,57764.82083730916,57941.7421875,3871900
2024-06-25,58207.124212786264,58560.96691316794,57941.7421875,57941.7421875,3680600
2024-06-26,58207.119476131134,58207.119476131134,57587.894800853144,57676.35546875,2599300
2024-06-27,57676.35573794027,58030.19841117917,57587.89506963055,57764.81640625,2755400
2024-06-28,57941.7421875,58384.0455629771,57764.82083730916,57941.7421875,2821700
2024-07-01,58207.121626420456,58384.04296875,57764.818270596596,58384.04296875,1909300
2024-07-02,58384.03960536254,58649.421603568735,58207.118273225075,58560.9609375,2042800
2024-07-03,58560.9609375,58649.421603568735,58384.03960536254,58560.9609375,1437600
2024-07-04,58649.4221456137,59180.186146931475,58649.4221456137,58737.8828125,2688900
2024-07-05,58737.88495163691,59710.952322823665,58737.88495163691,59445.5703125,4285100
2024-07-08,59534.03204742973,59887.87473419009,59268.65003235947,59799.4140625,4942400
2024-07-09,59799.4137962963,59976.33513888889,59445.571111111116,59710.953125,5045200
2024-07-10,59710.95124204716,59976.33324756737,59091.7265625,59091.7265625,3991700
2024-07-11,59180.18981546946,59268.65048783936,58649.42578125,58649.42578125,3787100
2024-07-12,58737.88645361991,58914.807798359725,58472.50443651018,58649.42578125,2189900
2024-07-15,58649.421603568735,59180.185599981116,58560.9609375,58560.9609375,2155300
2024-07-16,58737.8859209531,59003.2679356562,58472.50390625,58472.50390625,2243700
2024-07-17,58560.963505993146,58826.345515839035,58030.19948630137,58118.66015625,3464800
2024-07-18,58384.04270201062,58384.04270201062,57941.739348207506,58295.58203125,2363000
2024-07-19,58295.58041610834,58295.58041610834,57587.89506963055,57764.81640625,3412700
2024-07-22,57764.81667502867,58384.04135607798,57676.35600630734,57853.27734375,2654800
2024-07-23,58030.20001896813,58649.42471429249,57941.739348207506,58295.58203125,3777800
2024-07-24,58207.116639672255,58472.498630430644,58030.1953125,58030.1953125,3913500
2024-07-25,58030.1953125,58118.65597608613,57764.81332174162,58030.1953125,1957600
2024-07-26,57853.27841232903,58560.963775170974,57853.27841232903,58207.12109375,3275400
2024-07-29,58560.96361142113,59799.412992931546,58295.581601097474,59445.5703125,5781800
2024-07-30,59534.028428498896,60507.09575793944,59180.185763247784,59887.87109375,6465600
2024-07-31,60595.56280551676,63691.68645251397,60595.56280551676,63337.84375,21564900
2024-08-01,63514.76162428876,63603.22229507468,62010.93022092817,62187.8515625,8955800
2024-08-02,61922.47268356643,63603.225513548954,61922.47268356643,63249.3828125,10290200
2024-08-05,62807.073802233426,62983.995136887606,60595.5571190562,61391.703125,12245500
2024-08-06,62187.8501977304,64841.670263067404,61922.4681911967,64310.90625,13950400
2024-08-07,64753.2125254065,65283.9765625,64045.527142615174,65283.9765625,10740700
2024-08-08,65372.4342761348,65814.73762035764,63868.60290577717,64310.90625,7608800
2024-08-09,64399.360760572985,64930.124722885404,64133.97877941678,64841.6640625,4527500
2024-08-12,64841.66715004281,65814.73446061644,64399.363827054796,64576.28515625,5804000
2024-08-13,64399.36983401084,65814.7405995935,64310.90916116192,65283.9765625,6834400
2024-08-14,65460.89453125,65549.35519953548,64841.66985325169,65460.89453125,5456225
2024-08-15,65460.89790819783,65991.66194529133,65195.515889651084,65283.9765625,4255830
2024-08-16,65460.89790819783,65549.35858104675,64753.2125254065,65283.9765625,7392917
2024-08-19,65460.89597039474,67230.109375,65283.974629934215,67230.109375,7917931
2024-08-20,67230.10044642858,67407.02176339286,66610.87583705358,66876.2578125,4177349
2024-08-21,66522.42214475431,67318.56815446547,66433.96147700863,66610.8828125,3991045
2024-08-22,67230.11244946091,67230.11244946091,65107.05626684636,65637.8203125,6025954
2024-08-23,66257.0390625,66876.26372663552,65814.73573097463,66257.0390625,3307633
2024-08-26,66257.03889752214,66345.49956360695,64841.66824016519,64930.12890625,6324827
2024-08-28,65107.05158998647,65460.89426167118,64753.20891830176,65372.43359375,3352840
2024-08-29,65195.51117665817,65460.893176020414,64930.12917729592,65018.58984375,2042980
2024-08-30,65107.05158998647,66168.5796050406,64930.13025414412,65372.43359375,3675800
2024-09-04,64841.67450370121,65903.20259925975,64664.75315444145,65726.28125,2839125
2024-09-05,65726.28229585006,66699.34973226239,65549.3609437751,66080.125,5857542
2024-09-06,66257.04040948277,66787.80441810345,66168.57974137932,66699.34375,3641800
2024-09-09,66433.9679666611,66433.9679666611,65637.8218791778,66168.5859375,2638800
2024-09-10,66168.57839619492,66787.80306033044,65726.27506466956,66257.0390625,3332434
2024-09-11,66168.57758042894,66433.95957607239,65372.43159349866,65991.65625,3165231
2024-09-12,66345.50702811245,66522.42838018741,65814.74297188755,66080.125,2052124
2024-09-13,66168.58485510974,66168.58485510974,64487.83203125,64487.83203125,5347113
2024-09-16,64576.29004042072,64576.29004042072,63603.22265624999,63603.22265625,4034700
2024-09-17,63691.67958106267,64930.12890625001,63426.29758280825,64930.12890625,2526732
2024-09-18,65107.046043656206,65372.42802481241,64576.282081343794,64841.6640625,2845344
2024-09-19,64841.6640625,65018.58538327081,64576.282081343794,64841.6640625,1572742
2024-09-20,65018.59160075653,65460.894944979365,64310.90625,64310.90625,6555403
2024-09-23,64664.75338112997,64753.21405606996,64222.450006430045,64487.83203125,2997201
2024-09-24,64991.27861619844,64991.27861619844,64167.44550697902,64350.51953125,2199514
2024-09-25,64350.52476203305,64442.0617816092,63709.765625,63709.765625,4847436
2024-09-26,63709.76852015559,65082.82387619342,63709.76852015559,64716.67578125,4484109
2024-09-27,64808.20721830986,65174.35528169014,64716.67020246479,64991.28125,3168700
2024-09-30,64991.27841922254,64991.27841922254,64167.4453125,64167.4453125,2043516
2024-10-01,64258.98232435806,64716.66738364836,64167.4453125,64167.4453125,2040200
2024-10-02,64258.98232435806,64258.98232435806,63709.7602532097,64167.4453125,3279930
2024-10-03,64258.982519114514,64533.59355552099,63984.37148270804,64350.51953125,2948030
2024-10-04,64533.59577440693,64533.59577440693,62611.31845346715,62702.85546875,6751000
2024-10-07,62885.92815061475,63435.15023053279,61421.3359375,61421.3359375,6381300
2024-10-08,61512.87206744868,62428.2421875,61512.87206744868,62428.2421875,3177649
2024-10-09,62519.78274221055,62794.393793786876,62062.09765625,62062.09765625,3827960
2024-10-10,62519.780678775845,62977.46574963072,61970.55859375,61970.55859375,3122515
2024-10-11,62336.706650433895,62428.24366460487,61787.48456540805,61970.55859375,2690038
2024-10-14,62336.70814732143,62336.70814732143,61421.337983630954,61512.875,3220500
2024-10-15,61512.874625748496,61695.94865737275,61055.18954668787,61146.7265625,3473302
2024-10-16,61146.725277777776,62336.706458333334,61146.725277777776,61787.484375,2003900
2024-10-17,61879.0234375,62153.63448825814,61604.41238674187,61879.0234375,1655019
2024-10-18,61879.02325204006,62245.17131862018,61695.94921875,61695.94921875,1737502
2024-10-21,61695.94716985513,62153.63223788076,61512.87314264488,61604.41015625,1860000
2024-10-22,61604.41015625,62062.09522427563,61512.87314264488,61604.41015625,2250400
2024-10-23,61604.41015625,61879.02119706538,61512.87314264488,61604.41015625,1835900
2024-10-24,61604.41311449196,63160.54242050439,61604.41311449196,62611.3203125,4365000
2024-10-25,62794.39397977941,62794.39397977941,62153.63485753677,62245.171875,2170200
2024-10-28,61970.56008184524,62245.17113095238,61055.18991815476,61512.875,2923300
2024-10-29,61604.41182952425,61604.41182952425,61146.726749067166,61329.80078125,2030600
2024-10-31,60963.649903082456,60963.649903082456,59773.66874881808,60505.96484375,5269100
2024-11-01,60505.96651192059,60689.04054070099,60048.28143996961,60231.35546875,2178005
2024-11-04,60322.89621641578,60963.65535680259,60048.28515625,60048.28515625,2118800
2024-11-06,60414.42949753039,60414.42949753039,59773.67039679901,60231.35546875,2594600
2024-11-07,60414.42763657056,60597.501659711685,60048.279590288315,60322.890625,1152300
2024-11-08,60414.43136415525,60597.50539859209,60048.28329528159,60139.8203125,1852400
2024-11-11,60139.81788008052,60231.354893596625,59224.447744919475,59682.1328125,2737600
2024-11-12,59682.130561440674,60139.81561175847,59315.98252118644,59407.51953125,1729600
2024-11-13,59590.599519230775,60048.28461538462,59224.4514423077,59499.0625,2820700
2024-11-14,59499.0625,59499.0625,59224.4514423077,59499.0625,1779900
2024-11-15,59407.52229689953,59407.52229689953,58309.078125,58309.078125,3688300
2024-11-18,58309.07961456685,58766.7646978837,57851.39453125,57851.39453125,3797000
2024-11-19,57942.931361607145,58126.00539434524,57668.3203125,57668.3203125,2833600
2024-11-20,57668.32086527123,58400.61700324292,57576.78384802476,58217.54296875,2818000
2024-11-21,58309.07831450509,58675.22637299492,58034.46727063772,58492.15234375,2253500
2024-11-22,58492.15272040241,59315.98585730948,58492.15272040241,58858.30078125,2585700
2024-11-25,58858.30078125,59132.91182688569,58766.7637660381,58858.30078125,2446600
2024-11-26,59041.373336226854,59499.05840084877,58949.83632330247,59315.984375,1675600
2024-11-27,59315.988099845206,59499.062137190405,59041.3770438274,59132.9140625,1586400
2024-11-28,59499.06007751938,59499.06007751938,59041.375,59041.375,1273300
2024-11-29,59041.3770438274,59315.988099845206,58858.3030064822,59132.9140625,1105500
2024-12-02,59132.912015503876,59315.98604651163,58766.76395348838,59041.375,1229100
2024-12-03,59132.9114461072,59132.9114461072,58492.15234375,58492.15234375,2425200
2024-12-04,58400.61475612164,58492.15176984597,57942.9296875,57942.9296875,2745800
2024-12-05,58126.00465955482,59224.44884209759,57851.39361391913,58858.30078125,2218400
2024-12-06,59041.370691546406,59315.98171801872,58675.22265625,58675.22265625,1677900
2024-12-09,59041.370691546406,59041.370691546406,58583.6856474259,58675.22265625,1762700
2024-12-10,58675.22637299492,58949.83741686229,58492.15234375,58492.15234375,1711000
2024-12-11,58492.15068268107,59132.9097668419,58492.15068268107,58766.76171875,2024600
2024-12-12,58766.7659878096,59407.525118517806,58766.7659878096,59132.9140625,2247507
2024-12-13,58858.29873077297,59041.37275481892,58675.22470672702,58766.76171875,1396700
2024-12-16,58766.76634615385,59682.13653846154,58766.76634615385,59499.0625,2387600
2024-12-17,59407.525118517806,59499.062137190405,59041.3770438274,59132.9140625,1203900
2024-12-18,59499.056341769705,59590.59335152627,59224.4453125,59224.4453125,1614100
2024-12-19,58949.83741686229,59041.37443148474,58492.15234375,58492.15234375,2646900
2024-12-20,58583.69230769231,59499.0625,58583.69230769231,59499.0625,3799600
2024-12-23,59224.45089892275,59499.061954095494,58858.30282535908,58949.83984375,1367800
2024-12-24,58949.8377964619,59224.44884209759,58675.2267508262,58858.30078125,4725000
2024-12-25,58949.83984375,59407.52493570458,58949.83984375,58949.83984375,1382500
2024-12-26,59226.59901547806,59226.59901547806,58857.5859375,58857.5859375,3886800
2024-12-27,58949.83920699452,59134.34574598355,58765.33266800549,58857.5859375,2819200
2024-12-30,58673.080124407585,58765.333395043446,58396.3203125,58396.3203125,1490800
2024-12-31,58488.57421875,58857.58730530363,58396.32094711159,58488.57421875,3349900
2025-01-02,58673.07884310618,58857.58538034865,58211.8125,58211.8125,2336600
2025-01-03,58304.06512896826,58396.318396577386,58027.30532614088,58119.55859375,1856800
2025-01-06,58119.559312499994,58304.06585,57658.29296875,57658.29296875,2103500
2025-01-07,57750.54502633712,58119.55809359806,56828.012358184766,56920.265625,2802100
2025-01-08,57197.02542544571,57289.278692260945,56458.99929092383,56920.265625,2084300
2025-01-09,57012.51953125,57104.77279909992,56551.253192000404,57012.51953125,1500000
2025-01-10,56920.26698231036,57104.77352034054,56551.25390625,56551.25390625,1720800
2025-01-13,56459.00127239413,57104.774162764654,56366.7480023412,56643.5078125,1601700
2025-01-14,56643.50908076298,57012.52216923701,56551.25580864448,56828.015625,1235100
2025-01-15,57289.278692260945,57473.78522589141,56920.265625,56920.265625,1216400
2025-01-16,57473.78651302504,57750.54631966882,56920.26689973748,57104.7734375,1684500
2025-01-17,57381.53388356855,57381.53388356855,57197.02734375,57197.02734375,2303292
2025-01-20,57197.02670638126,57381.53324414378,56828.01363085622,57104.7734375,1633600
2025-01-21,57197.02606694984,57289.27933479976,56828.01299555016,57012.51953125,1975738
2025-01-22,57197.02871347402,57197.02871347402,56828.015625,56828.015625,1760900
2025-01-23,56828.014264112906,57473.787153477824,56828.014264112906,57197.02734375,1858300
2025-01-24,57104.77534038384,57658.29497211616,57012.52206842846,57381.53515625,1658900
2025-02-03,57381.53210227273,57381.53210227273,55813.2265625,55813.2265625,7629600
2025-02-04,55905.48183139535,56182.24164244186,55351.96220930233,55536.46875,7983000
2025-02-05,55720.97573678861,56735.76171875,55720.97573678861,56735.76171875,3809900
2025-02-06,56735.76052821252,56828.01379736409,55813.22783669687,55997.734375,3224800
2025-02-07,55997.73501105057,56459.0013620477,55905.48174085115,56089.98828125,3012600
2025-02-10,56459.000077351484,56459.000077351484,55905.48046875,55905.48046875,2592100
2025-02-11,55905.483107408945,55997.73637986341,55444.21674513659,55720.9765625,3666500
2025-02-12,55905.48300461065,56274.49609375,55813.22973232582,56274.49609375,3555200
2025-02-13,56274.4941824547,56274.4941824547,55720.97456754531,55997.734375,2624800
2025-02-14,55997.7357418636,55997.7357418636,55628.72265625,55628.72265625,6488800
2025-02-17,55720.97401041666,55905.480546875,55351.9609375,55351.9609375,3632400
2025-02-18,55720.9759276534,55813.229199056805,55351.9628420398,55628.72265625,2496800
2025-02-19,55628.721930252876,56182.24155144943,55628.721930252876,56089.98828125,3072700
2025-02-20,56182.24091330313,56182.24091330313,55905.481105848434,55997.734375,4473200
2025-02-21,56089.988192182405,57289.28070287052,55905.481652076545,56643.5078125,4737200
2025-02-24,56828.014008620696,58949.83920699452,56828.014008620696,58857.5859375,11512800
2025-02-25,59042.09062003179,59042.09062003179,57750.5448877186,58027.3046875,3934200
2025-02-26,58119.559231378764,58488.57230586371,58027.30596275753,58211.8125,3782600
2025-02-27,58304.067875803856,58304.067875803856,57381.53515625,57381.53515625,3570600
2025-02-28,57473.788428205386,58304.067875803856,57381.53515625,57381.53515625,5468200
2025-03-03,57935.05332772943,58304.06640625,57473.78697957872,58304.06640625,3660600
2025-03-04,58304.06441929134,58857.58401820866,58027.30461983268,58580.82421875,6242000
2025-03-05,58673.08021830144,58673.08021830144,57842.80078125,57842.80078125,2275500
2025-03-06,57842.7981543124,58027.3046875,57381.5318213434,58027.3046875,3175600
2025-03-07,58027.30732281699,58119.56059360048,57566.04096889952,57842.80078125,2655600
2025-03-10,58119.559312499994,58119.559312499994,57658.29296875,57658.29296875,2579500
2025-03-11,57473.78579477163,57658.29233022837,57289.279259314906,57566.0390625,2287600
2025-03-12,57658.29497211616,57935.05478798231,57381.53515625,57381.53515625,2755400
2025-03-13,57473.787153477824,58027.306772933465,57104.77407384072,57197.02734375,5100400
2025-03-14,57566.04106280194,57842.80087560387,57289.28125,57289.28125,2696700
2025-03-17,57566.03898809524,58488.57166418651,57566.03898809524,58119.55859375,4177100
2025-03-18,58211.81258125,58211.81258125,57658.29296875,57658.29296875,3281943
2025-03-19,57842.7982230638,57935.051489767255,57104.77208943619,57473.78515625,3153400
2025-03-20,57381.53260264968,57381.53260264968,56551.253192000404,57012.51953125,3939200
2025-03-21,57012.52025132545,57012.52025132545,56459.00063723491,56551.25390625,3855000
2025-03-24,56643.5078125,57197.02743281759,56366.7480023412,56643.5078125,2539900
2025-03-25,56920.267622658794,56920.267622658794,56459.00127239413,56643.5078125,2507400
2025-03-26,56735.75980392157,57104.772875817,56459.0,56459.0,1846000
2025-03-27,56458.99936067922,56735.759161466856,56366.74609375,56366.74609375,2313900
2025-03-28,56274.4955560738,56366.7488274772,55536.469384846605,55628.72265625,5561600
2025-03-31,56089.98700495049,56828.01314975247,55905.48046875,55905.48046875,5880100
2025-04-01,56459.0013620477,56459.0013620477,55628.721930252876,56089.98828125,3129300
2025-04-02,55997.733096590906,56643.50596590909,55813.2265625,55813.2265625,4684400
2025-04-03,54890.69164823009,54982.944911504426,51938.58722345133,52123.09375,16938200
2025-04-04,49816.763221153844,54244.919951923075,49632.25669070513,53968.16015625,9826600
2025-04-08,52307.60315366973,52492.109690366975,50278.03125,50278.03125,13765200
2025-04-09,47418.179612379805,50923.803786057695,47418.179612379805,47971.69921875,9932600
2025-04-10,51292.81640625,51292.81640625,51292.81640625,51292.81640625,1914300
2025-04-11,51292.81682065217,53875.90831521739,51292.81682065217,53045.62890625,9164400
2025-04-14,53414.64205294377,53414.64205294377,52123.0963038225,52492.109375,5679700
2025-04-15,52307.602915464035,53045.6290588921,51938.58984375,51938.58984375,4163500
2025-04-16,52030.841183035714,52768.86729910714,51661.828125,51661.828125,3735600
2025-04-17,51200.561802455355,52215.34771205357,50554.78895089286,51661.828125,7219000
2025-04-18,52307.600920660334,52861.12050712235,52215.34765625,52215.34765625,3137200
2025-04-21,52399.85482804233,52676.61462466932,52123.095031415345,52307.6015625,3021400
2025-04-22,52215.34771205357,52215.34771205357,49724.5095703125,51661.828125,7205000
2025-04-23,52399.852892287236,52861.11920295878,52030.83984375,52030.83984375,3586000
2025-04-24,52123.09637960702,52399.85618339254,51846.33657582149,51938.58984375,2106400
2025-04-25,52123.09360929459,53783.65234375,52123.09360929459,53783.65234375,8517700
2025-04-28,53783.65504755435,53783.65504755435,53045.62890625,53045.62890625,2664700
2025-04-29,53045.625644259984,53414.638692220055,52768.86585828993,53137.87890625,4938200
2025-05-05,53045.62898176626,53137.88224956064,52492.109375,52492.109375,4242785
2025-05-06,52584.36264279438,52953.37571397188,52492.109375,52492.109375,2555912
2025-05-07,52492.10739455857,53230.133509069055,52492.10739455857,52768.8671875,2910910
2025-05-08,52768.86846689896,53322.38806620209,52768.86846689896,52953.375,3374914
2025-05-09,53230.1328125,54060.41218045927,53230.1328125,53230.1328125,3839463
2025-05-12,53506.89446459044,54152.66732881826,53506.89446459044,54060.4140625,6333641
2025-05-13,54337.173217147436,54429.42648237179,53783.65362580128,53968.16015625,4727400
2025-05-14,54445.75643627669,54445.75643627669,53586.08659780916,53681.60546875,5045042
2025-05-15,53681.605523767605,54445.75649207746,53681.605523767605,54254.71875,4565546
2025-05-16,54254.718694395015,54254.718694395015,53681.60546875,53681.60546875,3204963
2025-05-19,53681.60414341518,54445.755092075895,53490.56640625,53490.56640625,2972490
2025-05-20,53586.08460979427,53777.12234458855,53299.52800760286,53395.046875,5221964
2025-05-21,53490.56633574007,53490.56633574007,52917.453125,52917.453125,5696593
2025-05-22,52917.45438920455,53108.49213068182,52535.37890625,52535.37890625,2961276
2025-05-23,52726.414726491865,53012.97132826627,52630.89585923372,52821.93359375,5369703
2025-05-26,52917.45510267056,53299.530590776485,52535.379614564634,53204.01171875,2735753
2025-05-27,53395.04746728339,53490.56633574007,52821.93425654332,52917.453125,3670058
2025-05-28,53204.00839277627,53204.00839277627,52630.89519644475,52726.4140625,3908641
2025-05-29,53012.97392524955,53012.97392524955,52630.8984375,52630.8984375,2935775
2025-05-30,52917.453722677594,52917.453722677594,52344.34050546448,52439.859375,3290048
2025-06-02,52439.85737894917,52726.41397664835,52057.78191535027,52153.30078125,2650970
2025-06-03,52248.8216990428,53490.567004504504,52248.8216990428,53012.97265625,4318030
2025-06-04,53299.53068706063,55209.9081310413,53012.97407046353,54350.23828125,8429633
2025-06-05,54445.75710479574,54541.27597690941,53777.125,53777.125,2820718
2025-06-06,53872.64113358951,53872.64113358951,52630.89585923372,52821.93359375,4131100
2025-06-09,52917.452461008135,53777.122266331375,52821.93359375,52821.93359375,3041347
2025-06-10,53012.97132826627,53586.0845318151,52630.89585923372,52821.93359375,3006169
2025-06-11,52821.93292855525,53108.489526721016,52630.89519644475,52726.4140625,1724483
2025-06-12,53108.49027280859,53681.60347719141,53012.971405411445,53395.046875,3246516
2025-06-13,53012.97265625,53204.010395551806,52726.4160472973,53012.97265625,3538652
2025-06-16,52917.45515097691,54063.68161634103,52917.45515097691,53777.125,4734519
2025-06-17,53872.64321063167,54159.19982345418,53586.08659780916,53681.60546875,3412338
2025-06-18,53777.12301199777,54254.71735491072,53490.56640625,53490.56640625,4104359
2025-06-19,53490.567067736185,53872.642546791445,53204.01045844474,53586.0859375,2633373
2025-06-20,53777.12308138251,54159.198556205825,53395.04760655919,54063.6796875,4666374
2025-06-23,53490.565742397135,53872.64121198568,53299.52800760286,53395.046875,3526767
2025-06-24,53681.602892287236,53968.15949135638,53586.08402593085,53872.640625,2810703
2025-06-25,53968.1621368838,55209.90746038732,53872.643265845065,54254.71875,6276981
2025-06-26,54254.716090425536,54445.7538231383,53777.12175864362,53872.640625,3120209
2025-06-27,54254.71756055363,55974.057201557094,53777.12321583045,55209.90625,8906332
2025-06-30,55496.46418372845,56069.57741109914,55305.42644127155,55400.9453125,4495276
2025-07-01,55783.021413043476,55783.021413043476,54636.794945652175,54923.3515625,4072091
2025-07-02,55018.867850953204,55400.94332214038,54732.31124756282,55114.38671875,3779261
2025-07-03,55114.38930706521,55783.021413043476,54732.31381793478,54923.3515625,5350539
2025-07-04,54923.34964316609,55305.42511894464,54732.311905276816,55209.90625,2700639
2025-07-07,55400.94465133852,55687.50126160406,55114.388041072976,55305.42578125,3769261
2025-07-08,55400.94412076271,56547.170550847455,55305.42525158898,56356.1328125,7212064
2025-07-09,56642.68955045681,57884.434852574755,56451.651811669435,57502.359375,9848148
2025-07-10,57788.91658814908,57884.43545854271,57024.765625,57024.765625,5404397
2025-07-11,57597.87951374373,58075.47387123745,57120.28515625,57120.28515625,6940382
2025-07-14,57311.32229477612,58075.473258706465,56642.69020133706,57597.87890625,6242143
2025-07-15,57884.43418521214,58457.54739496672,57406.83984375,57406.83984375,6541284
2025-07-16,57311.32097545757,57502.35871204243,56929.24550228785,57406.83984375,4966353
2025-07-17,57597.877580334854,57884.43418521214,57120.28323887271,57406.83984375,6363587
2025-07-18,57406.84050560631,58362.02919954319,57311.321636212626,57502.359375,5833240
2025-07-21,57597.8769140625,58075.47125,57311.3203125,57311.3203125,5509591
2025-07-22,57311.321636212626,57502.359375,56833.72728924419,57502.359375,4766106
2025-07-23,57693.39536061588,58935.140625,57502.35762763371,58935.140625,9237999
2025-07-24,59317.217627796315,61132.07613814757,59317.217627796315,60845.51953125,13535600
2025-07-25,60941.039000692246,60941.039000692246,60272.40691134296,60367.92578125,5132723
2025-07-28,60463.4453125,61036.5585382109,60176.88869964455,60463.4453125,8472643
2025-07-29,60463.44465115704,61323.11448032041,59985.85030162183,60367.92578125,10967720
2025-07-30,60176.886054252784,60654.480388016695,59985.848320747216,60081.3671875,6086980
2025-07-31,60176.886488970595,60654.48082618464,57693.39593545752,58457.546875,11399420
2025-08-01,58648.584453125,58648.584453125,57311.3203125,57311.3203125,5322282
2025-08-04,57120.28520798841,58075.473923841055,57120.28520798841,57693.3984375,4362896
2025-08-05,57788.915316919716,58744.10399984401,57311.32097545757,57406.83984375,9573774
2025-08-06,57693.39658951876,58935.14188035277,57693.39658951876,58553.06640625,6083357
2025-08-07,59126.18089337028,59221.69976395731,58075.473316912976,58170.9921875,4748027
2025-08-08,58266.51039525082,59030.661351254115,57884.43491724918,58075.47265625,6700994
2025-08-11,58266.51111534553,59317.21869283536,58170.99224466463,58744.10546875,5995341
2025-08-12,59317.21675895024,59603.773361650485,58648.584685983005,59030.66015625,5417050
2025-08-13,59221.69714095745,59317.21600731383,58075.47074468085,58362.02734375,6211319
2025-08-14,58553.06515903566,59412.734957455425,58266.5085595624,58935.140625,6400954
2025-08-15,59221.70043545082,59412.73817879098,58266.51171875,58266.51171875,5667842
2025-08-18,58362.028598640856,58553.066335461284,57884.43425658978,57979.953125,4833737
2025-08-19,58075.47066115703,58457.54612603306,57693.395196280995,57788.9140625,5280509
2025-08-20,57788.9146484375,58170.9901171875,56929.24484375,57311.3203125,6346136
2025-08-21,57406.83984375,58170.99079008943,56929.24550228785,57406.83984375,6616129
2025-08-22,57120.28572189097,57215.804594335605,55878.54038011073,56069.578125,7210343
2025-08-25,56260.61586988927,56929.2479770017,56069.578125,56069.578125,3363985
2025-08-26,55974.05805067001,57406.84110657454,55878.53918027638,57024.765625,2994293
2025-08-27,57024.76313274794,58457.54612603306,56833.72540030992,57788.9140625,4854223
2025-08-28,58266.51171875,58744.106077100405,57979.955103739754,58266.51171875,4283449
2025-08-29,58553.06761116294,58553.06761116294,57597.87890625,57597.87890625,4170598
2025-09-03,57597.87902057927,58744.10546875,57597.87902057927,58744.10546875,4773459
2025-09-04,58935.14128868325,59699.29222921723,58744.10355354975,59030.66015625,4233882
2025-09-05,59126.18089337028,59221.69976395731,58170.9921875,58170.9921875,5320365
2025-09-08,58170.990195699254,59126.17886886345,57884.43359375,57884.43359375,7138677
2025-09-09,57884.435517723876,58266.51099968905,57406.84116526741,57597.87890625,3522635
2025-09-10,57788.91725674122,57884.43612823996,57024.766284751255,57120.28515625,3492098
2025-09-11,57120.28273080066,58457.546875,56738.20726102941,58457.546875,5165742
2025-09-12,58553.06725301622,60654.48239097112,58266.51064329509,60367.92578125,13992330
2025-09-15,60558.962856576865,60654.48172543582,59985.84964342314,60272.40625,3536437
2025-09-16,60654.4806257245,62469.33910113988,60367.92402434313,61800.70703125,12830310
2025-09-17,61896.228542626726,63233.49273953533,61896.228542626726,62182.78515625,9878693
2025-09-18,62182.78301886793,62373.82075471698,60654.481132075474,60750.0,5070426
2025-09-19,60941.0388734879,61036.55774319557,59221.69921875,59221.69921875,5309807
2025-09-22,59317.218024735346,59985.850111970685,58648.5859375,58648.5859375,5294211
2025-09-23,58744.10612824675,59699.294845779215,58744.10612824675,58839.625,3431691
2025-09-24,59126.18034904234,59221.69921875,58266.51052167339,59221.69921875,3219465
2025-09-25,59508.25643419715,59603.77530487805,58744.10546875,58744.10546875,2757739
2025-09-26,58744.102809175536,59030.65940824468,58362.02734375,58362.02734375,2494919
2025-09-29,58362.02987018035,58457.54874067164,57502.360035758706,57597.87890625,5141232
2025-09-30,57693.39578125,58075.47125,57311.3203125,57311.3203125,3112607
2025-10-01,57979.95455917875,59699.29423309179,57502.36020531401,59317.21875,4530998
2025-10-02,59699.29215175654,59794.81101919935,58457.546875,58457.546875,3409526
2025-10-03,58553.06640625,59508.25509150694,58457.547537724306,58553.06640625,4003694
2025-10-06,59890.3300405649,59890.3300405649,59030.66023137019,59603.7734375,4058047
2025-10-07,59890.33124236564,59890.33124236564,58648.5859375,58648.5859375,3722157
2025-10-08,59508.257251823736,60654.48371574329,58935.14401986396,60558.96484375,5927644
2025-10-09,60558.96152126391,60654.480388016695,59794.810587241656,60081.3671875,3303747
2025-10-10,60558.96211438301,60558.96211438301,59603.7734375,59603.7734375,4980079
2025-10-13,59412.73842773437,61227.596997070315,59030.66293945313,61132.078125,6314936
2025-10-14,61514.15027066929,61514.15027066929,60463.44273499016,60654.48046875,5368265
2025-10-15,60941.03773584906,61514.15094339623,60750.0,60750.0,4653477
2025-10-16,60800.0,61200.0,60200.0,61200.0,5180885
2025-10-17,61000.0,61200.0,58800.0,58800.0,6200477
2025-10-20,58900.0,59400.0,55000.0,55000.0,8762669
2025-10-21,56100.0,58000.0,56100.0,56500.0,7079112
2025-10-22,57100.0,57300.0,55700.0,56300.0,3863715
2025-10-23,56500.0,57100.0,56300.0,56600.0,2331775
2025-10-24,56900.0,58100.0,56100.0,58100.0,3966518
2025-10-27,58400.0,58400.0,57000.0,57000.0,3010562
2025-10-28,57200.0,57400.0,56800.0,57400.0,2083083
2025-10-29,57500.0,57900.0,57100.0,57500.0,1978627
2025-10-30,57800.0,57900.0,57000.0,57100.0,1912994
2025-10-31,57400.0,57700.0,57100.0,57600.0,2635121
2025-11-03,57700.0,58300.0,57300.0,57300.0,2650880
2025-11-04,57600.0,57900.0,56300.0,57300.0,4342379
2025-11-05,57300.0,58500.0,57100.0,58000.0,3837352
2025-11-06,58000.0,58500.0,57600.0,58000.0,2247013
2025-11-07,57600.0,58400.0,57500.0,57600.0,3256879
2025-11-10,57700.0,57900.0,57000.0,57000.0,2681629
2025-11-11,57000.0,59000.0,57000.0,58900.0,5158812
2025-11-12,58800.0,60000.0,58500.0,59800.0,5174587
2025-11-13,59800.0,62000.0,59700.0,61800.0,9756979
2025-11-14,61700.0,63300.0,61600.0,62800.0,10164170
2025-11-17,62900.0,63300.0,61800.0,62100.0,4211610
2025-11-18,62000.0,62300.0,60500.0,60700.0,5724177
2025-11-19,60700.0,61900.0,60500.0,60900.0,4463797
2025-11-20,61400.0,61600.0,60500.0,60700.0,2964241
2025-11-21,60300.0,60700.0,59700.0,59900.0,4198226
2025-11-24,60100.0,63400.0,60100.0,63000.0,10187780
2025-11-25,63000.0,63200.0,61900.0,61900.0,4916206
2025-11-26,62300.0,63200.0,62300.0,62800.0,3911460
2025-11-27,63000.0,63400.0,62000.0,62000.0,4017559
2025-11-28,62200.0,64500.0,62200.0,64000.0,12035500
2025-12-01,64300.0,65900.0,64300.0,64900.0,9124595
2025-12-02,64800.0,65600.0,64500.0,65000.0,6773662
2025-12-03,65100.0,65200.0,64000.0,64600.0,5457207
2025-12-04,65000.0,65100.0,63400.0,63400.0,5927754
2025-12-05,63600.0,64500.0,63400.0,63400.0,3643904
2025-12-08,63300.0,64500.0,63200.0,63500.0,3328396
2025-12-09,63500.0,64100.0,62500.0,62500.0,5397946
2025-12-10,62400.0,64500.0,62300.0,63100.0,3501890
2025-12-11,63000.0,63500.0,61500.0,61500.0,4914755
2025-12-12,61700.0,62000.0,60200.0,60200.0,4456434
2025-12-15,60300.0,62600.0,60300.0,62000.0,4298916
2025-12-16,62000.0,64400.0,61700.0,64200.0,7222280
2025-12-17,64100.0,64100.0,62900.0,62900.0,2459070
2025-12-18,63600.0,64000.0,62900.0,63900.0,3120346
2025-12-19,63700.0,64000.0,63000.0,64000.0,3053388
2025-12-22,63900.0,63900.0,63100.0,63200.0,98764200
2025-12-23,63500.0,64100.0,62300.0,62600.0,4698246
2025-12-24,62800.0,62900.0,61500.0,61500.0,4969706
2025-12-25,61600.0,62300.0,61300.0,61300.0,2367500
2025-12-26,61600.0,62300.0,61200.0,61500.0,2449027
2025-12-29,61500.0,62200.0,61400.0,62100.0,1948595
2025-12-30,62100.0,62300.0,61700.0,61800.0,1585778
